minute,event_now_truth,event_within_90s_truth,dynamic_prob,fused_high_risk,flag_high_risk,fused_low_risk,flag_low_risk
0.0,0,0,0.1612275242805481,0.3793641213653157,LOW,0.18276217961774288,LOW
0.5,0,0,0.3139445632696152,0.48626604865766265,LOW,0.2896641069100898,LOW
1.0,0,0,0.25693819920221966,0.4463615938104858,LOW,0.24975965206291298,LOW
1.5,0,0,0.21366160176694393,0.4160679756057928,LOW,0.21946603385821997,LOW
2.0,0,0,0.31881982535123826,0.48967873211479884,LOW,0.293076790367226,LOW
2.5,0,0,0.41527379925052327,0.5571965138442984,MODERATE,0.3605945720967255,LOW
3.0,0,0,0.42702890063325566,0.565425084812211,MODERATE,0.36882314306463815,LOW
3.5,0,0,0.4499793363114198,0.5814903897869259,MODERATE,0.38488844803935307,LOW
4.0,0,0,0.5508761865397295,0.6521181849467427,HIGH,0.45551624319916983,LOW
4.5,0,0,0.6744975671172142,0.738653151350982,HIGH,0.5420512096034091,MODERATE
5.0,0,0,0.6853354796767235,0.7462396901426385,HIGH,0.5496377483950656,MODERATE
5.5,0,1,0.5769370098908743,0.670360761292544,HIGH,0.4737588195449712,LOW
6.0,0,1,0.6587814961870512,0.7276519016998679,HIGH,0.5310499599522951,MODERATE
6.5,0,1,0.6624560828010241,0.7302241123296489,HIGH,0.5336221705820761,MODERATE
7.0,1,1,0.6222520843148232,0.7020813133893082,HIGH,0.5054793716417354,MODERATE
7.5,1,1,0.5978409225742022,0.6849935001708736,HIGH,0.48839155842330073,LOW
8.0,0,1,0.47427577897906303,0.5984978996542762,MODERATE,0.40189595790670335,LOW
8.5,1,1,0.49449097489317256,0.6126485367941528,MODERATE,0.41604659504658,LOW
9.0,0,1,0.5246749060849348,0.6337772886283864,MODERATE,0.4371753468808136,LOW
9.5,1,1,0.5157711741824945,0.6275446762966782,MODERATE,0.43094273454910537,LOW
10.0,1,1,0.581931167592605,0.6738566716837555,HIGH,0.4772547299361827,LOW
10.5,1,1,0.6180618939300379,0.6991481801199586,HIGH,0.5025462383723858,MODERATE
11.0,1,1,0.6746161878108978,0.7387361858365605,HIGH,0.5421342440889877,MODERATE
11.5,1,1,0.7115700443585714,0.764603885419932,HIGH,0.5680019436723591,MODERATE
12.0,1,1,0.7042081654071808,0.7594505701539586,HIGH,0.5628486284063857,MODERATE
12.5,1,1,0.6986903448899587,0.7555880957919032,HIGH,0.5589861540443304,MODERATE
13.0,1,1,0.6416414380073547,0.7156538609740803,HIGH,0.5190519192265075,MODERATE
13.5,1,1,0.607082317272822,0.6914624764599074,HIGH,0.4948605347123346,LOW
14.0,1,1,0.6990417142709097,0.7558340543585689,HIGH,0.559232112610996,MODERATE
14.5,0,1,0.7149574955304464,0.7669751012402446,HIGH,0.5703731594926718,MODERATE
15.0,0,1,0.7272441883881887,0.775575786240664,HIGH,0.5789738444930912,MODERATE
15.5,1,1,0.6840341885884603,0.7453287863808542,HIGH,0.5487268446332814,MODERATE
16.0,1,1,0.7004299461841583,0.7568058166978429,HIGH,0.56020387495027,MODERATE
16.5,1,1,0.6749975482622782,0.7390031381525268,HIGH,0.542401196404954,MODERATE
17.0,1,1,0.5648227483034134,0.6618807781813214,HIGH,0.46527883643374857,LOW
17.5,1,1,0.5872124085823694,0.6775535403765907,HIGH,0.4809515986290178,LOW
18.0,1,1,0.5548965285221735,0.6549324243344535,HIGH,0.4583304825868807,LOW
18.5,1,1,0.6470365077257156,0.719430409776933,HIGH,0.5228284680293601,MODERATE
19.0,1,1,0.6183082262674967,0.6993206127561797,HIGH,0.5027186710086069,MODERATE
19.5,1,1,0.6568993131319681,0.7263343735613097,HIGH,0.5297324318137369,MODERATE
20.0,1,1,0.7615599979956945,0.7995968529659181,HIGH,0.6029949112183453,MODERATE
20.5,1,1,0.7827634364366531,0.8144392598745893,HIGH,0.6178373181270165,MODERATE
21.0,1,1,0.772847498456637,0.807498103288578,HIGH,0.6108961615410051,MODERATE
21.5,1,1,0.7376678337653478,0.7828723380046756,HIGH,0.5862703962571028,MODERATE
22.0,1,0,0.7787059545516968,0.8115990225551197,HIGH,0.6149970808075469,MODERATE
22.5,0,1,0.744491179784139,0.7876486802178293,HIGH,0.5910467384702565,MODERATE
23.0,0,1,0.7087311744689941,0.762616676497228,HIGH,0.5660147347496551,MODERATE
23.5,0,1,0.6346630652745565,0.7107690000611215,HIGH,0.5141670583135487,MODERATE
24.0,1,0,0.6653987467288971,0.73228397707916,HIGH,0.5356820353315872,MODERATE
24.5,0,0,0.7139367957909902,0.7662606114226251,HIGH,0.5696586696750523,MODERATE
25.0,0,0,0.7081047594547272,0.7621781859872411,HIGH,0.5655762442396682,MODERATE
25.5,0,0,0.7461624542872111,0.7888185723699799,HIGH,0.592216630622407,MODERATE
26.0,0,0,0.6549981310963631,0.7250035461363862,HIGH,0.5284016043888133,MODERATE
26.5,0,1,0.6108879993359247,0.6941264539040793,HIGH,0.4975245121565065,LOW
27.0,0,1,0.5277428726355234,0.6359248652137984,MODERATE,0.4393229234662256,LOW
27.5,0,1,0.3808432587732871,0.533095135510233,MODERATE,0.3364931937626602,LOW
28.0,1,0,0.32752264228959876,0.4957707039716512,LOW,0.29916876222407834,LOW
28.5,0,0,0.3185927141457796,0.48951975427097777,LOW,0.29291781252340493,LOW
29.0,0,0,0.41577823894719285,0.5575496216319671,MODERATE,0.3609476798843942,LOW
29.5,0,0,0.38988100178539753,0.5394215556187103,MODERATE,0.34281961387113746,LOW
30.0,0,0,0.3835803934683402,0.5350111297967701,MODERATE,0.33840918804919734,LOW
30.5,0,0,0.42956235508124035,0.5671985029258003,MODERATE,0.3705965611782275,LOW
31.0,0,0,0.4457333634297053,0.5785182087697258,MODERATE,0.3819162670221529,LOW
31.5,0,1,0.3696742157141368,0.5252768053688278,MODERATE,0.328674863621255,LOW
32.0,0,1,0.28237804025411606,0.4641694825468133,LOW,0.26756754079924044,LOW
32.5,0,1,0.3620126023888588,0.5199136760411331,MODERATE,0.32331173429356036,LOW
33.0,1,1,0.4178283338745435,0.5589846880811125,MODERATE,0.3623827463335397,LOW
33.5,1,1,0.48891062289476395,0.6087422903952668,MODERATE,0.41214034864769394,LOW
34.0,1,1,0.4667565847436587,0.5932344636894932,MODERATE,0.39663252194192034,LOW
34.5,1,1,0.5331926420331001,0.6397397037921022,MODERATE,0.4431377620445293,LOW
35.0,1,1,0.6407033652067184,0.7149972100136349,HIGH,0.5183952682660621,MODERATE
35.5,1,1,0.6796158303817114,0.74223593563613,HIGH,0.5456339938885572,MODERATE
36.0,1,1,0.6059356853365898,0.6906598341045449,HIGH,0.49405789235697206,LOW
36.5,1,1,0.5442352568109831,0.6474695341366201,MODERATE,0.45086759238904733,LOW
37.0,1,1,0.600772999227047,0.6870459538278649,HIGH,0.4904440120802921,LOW
37.5,0,1,0.5404439444343249,0.6448156154729594,MODERATE,0.4482136737253866,LOW
38.0,1,1,0.532354640463988,0.6391531026937236,MODERATE,0.44255116094615077,LOW
38.5,1,1,0.5417458986242613,0.645726983405915,MODERATE,0.4491250416583421,LOW
39.0,1,1,0.6392904619375864,0.7140081777252425,HIGH,0.5174062359776697,MODERATE
39.5,1,1,0.6875014454126358,0.7477558661577771,HIGH,0.5511539244102043,MODERATE
40.0,1,1,0.715630903840065,0.7674464870569775,HIGH,0.5708445453094046,MODERATE
40.5,1,1,0.794321229060491,0.8225297147112758,HIGH,0.6259277729637029,MODERATE
41.0,1,1,0.7996888955434164,0.8262870812493235,HIGH,0.6296851395017506,MODERATE
41.5,1,1,0.7566475371519724,0.7961581303753127,HIGH,0.5995561886277399,MODERATE
42.0,1,1,0.7753977378209432,0.8092832708435922,HIGH,0.6126813290960194,MODERATE
42.5,1,1,0.8227531015872955,0.8424320254800388,HIGH,0.645830083732466,MODERATE
43.0,1,1,0.802648534377416,0.8283588284331231,HIGH,0.6317568866855503,MODERATE
43.5,1,1,0.8303110698858897,0.8477226032890548,HIGH,0.651120661541482,HIGH
44.0,1,1,0.827740321556727,0.845923079458641,HIGH,0.6493211377110681,MODERATE
44.5,1,1,0.8618005216121674,0.8697652194974492,HIGH,0.6731632777498764,HIGH
45.0,1,1,0.8416555225849152,0.8556637201783726,HIGH,0.6590617784307997,HIGH
45.5,1,1,0.8220453858375549,0.8419366244552204,HIGH,0.6453346827076476,MODERATE
46.0,1,1,0.8578234811623892,0.8669812911826045,HIGH,0.6703793494350316,HIGH
46.5,1,1,0.8349433739980062,0.8509652161675363,HIGH,0.6543632744199634,HIGH
47.0,1,1,0.8232666552066803,0.8427915130136083,HIGH,0.6461895712660355,MODERATE
47.5,1,1,0.7837931712468466,0.8151600742417247,HIGH,0.6185581324941518,MODERATE
48.0,1,1,0.814486970504125,0.8366457337218196,HIGH,0.6400437919742468,MODERATE
48.5,1,1,0.7831598917643229,0.814716778603958,HIGH,0.6181148368563851,MODERATE
49.0,1,1,0.7826953927675883,0.8143916293062439,HIGH,0.617789687558671,MODERATE
49.5,1,1,0.7862212955951691,0.8168597612855504,HIGH,0.6202578195379775,MODERATE
50.0,1,1,0.8225038051605225,0.8422575179812977,HIGH,0.6456555762337248,MODERATE
50.5,1,1,0.8769669930140177,0.8803817494787445,HIGH,0.6837798077311716,HIGH
51.0,1,1,0.8208050628503164,0.8410683983641536,HIGH,0.6444664566165808,MODERATE
51.5,1,1,0.7823234448830286,0.8141312657870521,HIGH,0.6175293240394792,MODERATE
52.0,1,1,0.7338394075632095,0.7801924396631787,HIGH,0.5835904979156059,MODERATE
52.5,1,1,0.7547973344723383,0.7948629884995688,HIGH,0.598261046751996,MODERATE
53.0,1,1,0.7285307993491491,0.7764764139133364,HIGH,0.5798744721657636,MODERATE
53.5,1,1,0.7137103329102198,0.7661020874060859,HIGH,0.569500145658513,MODERATE
54.0,1,1,0.7467983514070511,0.7892637003538678,HIGH,0.592661758606295,MODERATE
54.5,1,1,0.8317671020825704,0.8487418258267314,HIGH,0.6521398840791586,HIGH
55.0,1,1,0.8159052630265554,0.8376385384875209,HIGH,0.6410365967399481,MODERATE
55.5,1,1,0.7355878899494807,0.7814163773335685,HIGH,0.5848144355859957,MODERATE
56.0,0,1,0.7351400703191757,0.7811029035923551,HIGH,0.5845009618447823,MODERATE
56.5,1,1,0.7518692960341772,0.7928133615928561,HIGH,0.5962114198452833,MODERATE
57.0,1,1,0.7534057646989822,0.7938888896582197,HIGH,0.5972869479106468,MODERATE
57.5,1,1,0.6928998082876205,0.7515347201702665,HIGH,0.5549327784226936,MODERATE
58.0,0,1,0.7464756915966669,0.7890378384865988,HIGH,0.592435896739026,MODERATE
58.5,1,1,0.8063536286354065,0.8309523944137165,HIGH,0.6343504526661436,MODERATE
59.0,1,1,0.7990908821423849,0.8258684718686014,HIGH,0.6292665301210285,MODERATE
59.5,1,1,0.7033519943555196,0.7588512504177958,HIGH,0.5622493086702229,MODERATE
60.0,1,1,0.6822483340899149,0.7440786882318724,HIGH,0.5474767464842996,MODERATE
60.5,1,1,0.7534123857816061,0.7938935244160563,HIGH,0.5972915826684835,MODERATE
61.0,1,1,0.7378940979639689,0.7830307229437103,HIGH,0.5864287811961375,MODERATE
61.5,1,1,0.7195404867331187,0.7701831950821152,HIGH,0.5735812533345424,MODERATE
62.0,1,1,0.7053535381952921,0.7602523311056365,HIGH,0.5636503893580637,MODERATE
62.5,1,1,0.8085025946299235,0.8324566706098784,HIGH,0.6358547288623055,MODERATE
63.0,1,1,0.8363925615946451,0.8519796474851837,HIGH,0.6553777057376109,HIGH
63.5,1,1,0.7945340176423391,0.8226786667185695,HIGH,0.6260767249709966,MODERATE
64.0,1,1,0.8185288409392039,0.8394750430263747,HIGH,0.6428731012788018,MODERATE
64.5,1,1,0.8587211271127065,0.8676096433478266,HIGH,0.6710077016002538,HIGH
65.0,1,1,0.8934568564097086,0.8919246538557282,HIGH,0.6953227121081553,HIGH
65.5,1,1,0.8732724487781525,0.8777955685136387,HIGH,0.6811936267660659,HIGH
66.0,0,1,0.865165114402771,0.8721204344508717,HIGH,0.6755184927032989,HIGH
66.5,1,1,0.8339299956957499,0.850255851355957,HIGH,0.6536539096083842,HIGH
67.0,1,1,0.8404932121435801,0.8548501028694382,HIGH,0.6582481611218653,HIGH
67.5,0,1,0.7922962605953217,0.8211122367856571,HIGH,0.6245102950380843,MODERATE
68.0,1,1,0.7307816843191782,0.7780520333923568,HIGH,0.581450091644784,MODERATE
68.5,1,1,0.6745794713497162,0.7387104843137333,HIGH,0.5421085425661605,MODERATE
69.0,1,1,0.6228023966153463,0.7024665319996745,HIGH,0.5058645902521016,MODERATE
69.5,1,1,0.6686570644378662,0.7345647994754384,HIGH,0.5379628577278656,MODERATE
70.0,1,1,0.6524439851442972,0.7232156439699401,HIGH,0.5266137022223673,MODERATE
70.5,1,1,0.69309334953626,0.751670199044314,HIGH,0.5550682572967411,MODERATE
71.0,1,1,0.7578249971071879,0.7969823523439636,HIGH,0.6003804105963908,MODERATE
71.5,1,1,0.7241243918736776,0.7733919286805064,HIGH,0.5767899869329336,MODERATE
72.0,1,1,0.7180024186770121,0.7691065474428405,HIGH,0.5725046056952676,MODERATE
72.5,1,1,0.7384352485338846,0.7834095283426512,HIGH,0.5868075865950784,MODERATE
73.0,1,1,0.7082122067610422,0.7622533991016616,HIGH,0.5656514573540887,MODERATE
73.5,1,1,0.7115150292714437,0.7645653748589427,HIGH,0.5679634331113699,MODERATE
74.0,1,1,0.7065212229887644,0.7610697104610671,HIGH,0.5644677687134942,MODERATE
74.5,0,1,0.7781524161497752,0.8112115456737747,HIGH,0.6146096039262019,MODERATE
75.0,1,1,0.8213379283746084,0.841441404231158,HIGH,0.6448394624835851,MODERATE
75.5,1,1,0.7687184512615204,0.8046077702519963,HIGH,0.6080058285044234,MODERATE
76.0,1,1,0.787970095872879,0.8180839214799474,HIGH,0.6214819797323745,MODERATE
76.5,1,1,0.7732783953348795,0.8077997311033478,HIGH,0.611197789355775,MODERATE
77.0,1,1,0.7673270304997762,0.8036337757187755,HIGH,0.6070318339712026,MODERATE
77.5,1,1,0.7722392678260803,0.8070723418471883,HIGH,0.6104704000996155,MODERATE
78.0,1,1,0.7790005107720693,0.8118052119093806,HIGH,0.6152032701618078,MODERATE
78.5,1,1,0.8298329512278239,0.8473879202284087,HIGH,0.6507859784808359,HIGH
79.0,1,1,0.8136320809523264,0.8360473110355606,HIGH,0.6394453692879878,MODERATE
79.5,1,1,0.8337311943372091,0.8501166904049784,HIGH,0.6535147486574056,HIGH
80.0,1,1,0.8404614726702372,0.8548278852380982,HIGH,0.6582259434905253,HIGH
80.5,0,1,0.8572661479314169,0.8665911579209238,HIGH,0.6699892161733509,HIGH
81.0,1,1,0.8109024961789449,0.8341366016941936,HIGH,0.6375346599466207,MODERATE
81.5,1,1,0.8168418208758036,0.8382941289819945,HIGH,0.6416921872344217,MODERATE
82.0,1,1,0.831755131483078,0.8487334464070866,HIGH,0.6521315046595137,HIGH
82.5,1,1,0.8163000643253326,0.837914899396665,HIGH,0.6413129576490921,MODERATE
83.0,1,1,0.8256634473800659,0.8444692675349781,HIGH,0.6478673257874052,MODERATE
83.5,1,1,0.8424767553806305,0.8562385831353734,HIGH,0.6596366413878005,HIGH
84.0,1,1,0.9028362135092417,0.8984902038254012,HIGH,0.7018882620778284,HIGH
84.5,1,1,0.8949084480603536,0.8929407680111796,HIGH,0.6963388262636068,HIGH
85.0,1,1,0.8937836587429047,0.8921534154889652,HIGH,0.6955514737413924,HIGH
85.5,1,1,0.8801015615463257,0.8825759474513599,HIGH,0.6859740057037871,HIGH
86.0,0,1,0.823158880074819,0.8427160704213053,HIGH,0.6461141286737324,MODERATE
86.5,1,1,0.7545199394226074,0.7946688119647571,HIGH,0.5980668702171843,MODERATE
87.0,1,1,0.743934154510498,0.7872587625262806,HIGH,0.5906568207787077,MODERATE
87.5,1,1,0.7092042664686838,0.7629478408970107,HIGH,0.5663458991494379,MODERATE
88.0,1,1,0.7244166533152262,0.7735965116895904,HIGH,0.5769945699420176,MODERATE
88.5,1,1,0.7095600763956705,0.7631969078459013,HIGH,0.5665949660983285,MODERATE
89.0,1,1,0.7693299551804861,0.8050358229952723,HIGH,0.6084338812476995,MODERATE
89.5,1,1,0.7507443775733312,0.7920259186702638,HIGH,0.595423976922691,MODERATE
90.0,1,1,0.7315888653198878,0.7786170600928535,HIGH,0.5820151183452806,MODERATE
90.5,1,1,0.7603611797094345,0.7987576801655363,HIGH,0.6021557384179634,MODERATE
91.0,1,1,0.7372324119011561,0.7825675426997414,HIGH,0.5859656009521685,MODERATE
91.5,0,1,0.6793352415164312,0.7420395234304339,HIGH,0.545437581682861,MODERATE
92.0,1,1,0.5519783720374107,0.6528897147951196,HIGH,0.4562877730475467,LOW
92.5,1,1,0.627446768184503,0.705717592098084,HIGH,0.5091156503505112,MODERATE
93.0,1,1,0.6482072547078133,0.7202499326644013,HIGH,0.5236479909168285,MODERATE
93.5,1,1,0.61319716523091,0.695742870030569,HIGH,0.49914092828299617,LOW
94.0,1,1,0.6314238980412483,0.7085015829978059,HIGH,0.511899641250233,MODERATE
94.5,0,1,0.7117746050159136,0.7647470778800716,HIGH,0.5681451361324987,MODERATE
95.0,1,1,0.8377178510030111,0.8529073500710398,HIGH,0.656305408323467,HIGH
95.5,1,1,0.8448658386866251,0.8579109414495696,HIGH,0.6613089997019967,HIGH
96.0,1,1,0.8234577476978302,0.8429252777574132,HIGH,0.6463233360098404,MODERATE
96.5,1,1,0.8533040583133698,0.8638176951882908,HIGH,0.6672157534407179,HIGH
97.0,1,1,0.8321899175643921,0.8490377966640066,HIGH,0.6524358549164337,HIGH
97.5,1,1,0.8330093522866567,0.8496114009695916,HIGH,0.6530094592220188,HIGH
98.0,1,1,0.8136176864306132,0.8360372348703613,HIGH,0.6394352931227885,MODERATE
98.5,1,1,0.7835666735967001,0.8150015258866221,HIGH,0.6183995841390493,MODERATE
99.0,1,1,0.8208882510662079,0.8411266301152776,HIGH,0.6445246883677047,MODERATE
99.5,1,1,0.8064051469167074,0.8309884572106272,HIGH,0.6343865154630544,MODERATE
100.0,1,1,0.8485512832800547,0.8604907526649703,HIGH,0.6638888109173975,HIGH
100.5,0,1,0.8557241757710775,0.8655117774086862,HIGH,0.6689098356611134,HIGH
101.0,1,1,0.8651086390018463,0.8720809016702245,HIGH,0.6754789599226516,HIGH
101.5,1,1,0.8909430901209513,0.890165017453598,HIGH,0.6935630757060252,HIGH
102.0,1,1,0.8188026895125707,0.8396667370277315,HIGH,0.6430647952801587,MODERATE
102.5,1,1,0.7943859448035558,0.8225750157314211,HIGH,0.6259730739838483,MODERATE
103.0,0,1,0.7077264885107676,0.7619133963264693,HIGH,0.5653114545788964,MODERATE
103.5,0,1,0.6780862907568613,0.7411652578987349,HIGH,0.544563316151162,MODERATE
104.0,1,1,0.6307360430558523,0.7080200845080287,HIGH,0.5114181427604558,MODERATE
104.5,1,1,0.5831490059693655,0.6747091585474878,HIGH,0.478107216799915,LOW
105.0,1,1,0.6331830968459448,0.7097330221610934,HIGH,0.5131310804135205,MODERATE
105.5,1,1,0.6356202910343806,0.7114390580929983,HIGH,0.5148371163454255,MODERATE
106.0,1,1,0.6093979676564535,0.6930834317284496,HIGH,0.49648148998087666,LOW
106.5,1,1,0.534932350118955,0.6409574994522005,MODERATE,0.4443555577046277,LOW
107.0,1,1,0.4956400692462921,0.6134529028413365,MODERATE,0.4168509610937637,LOW
107.5,1,1,0.5410347580909729,0.6452291850326131,MODERATE,0.4486272432850402,LOW
108.0,1,1,0.47457510729630786,0.5987074294763475,MODERATE,0.4021054877287747,LOW
108.5,1,1,0.443692018588384,0.5770892673808008,MODERATE,0.380487325633228,LOW
109.0,1,1,0.501317153374354,0.6174268617309798,MODERATE,0.420824919983407,LOW
109.5,1,1,0.5071472028891245,0.6215078963913192,MODERATE,0.42490595464374636,LOW
110.0,1,1,0.5595453331867853,0.6581865875996817,HIGH,0.46158464585210895,LOW
110.5,1,0,0.486918643116951,0.6073479045507977,MODERATE,0.4107459628032249,LOW
111.0,0,0,0.46790877978007,0.5940410002149811,MODERATE,0.39743905846740823,LOW
111.5,0,1,0.4624008735020955,0.5901854658203989,MODERATE,0.3935835240728261,LOW
112.0,0,1,0.4147882362206777,0.5568566197234064,MODERATE,0.3602546779758336,LOW
112.5,0,1,0.4756866842508316,0.5994855333445142,MODERATE,0.4028835915969413,LOW
113.0,1,1,0.4408857524394989,0.5751248810765812,MODERATE,0.37852293932900843,LOW
113.5,1,1,0.4263081004222234,0.5649205246644884,MODERATE,0.3683185829169156,LOW
114.0,1,0,0.4494068572918574,0.5810896544732322,MODERATE,0.3844877127256594,LOW
114.5,0,1,0.43503086268901825,0.5710264582512448,MODERATE,0.374424516503672,LOW
115.0,0,1,0.42057370642820996,0.560906448868679,MODERATE,0.3643045071211062,LOW
115.5,0,1,0.3231894051035245,0.49273743794139924,LOW,0.2961354961938264,LOW
116.0,1,1,0.38035283734401065,0.5327518405097396,MODERATE,0.33614989876216667,LOW
116.5,0,1,0.46167859186728794,0.5896798686760336,MODERATE,0.3930779269284608,LOW
117.0,1,1,0.551502433915933,0.6525565581100852,HIGH,0.45595461636251233,LOW
117.5,1,1,0.6465171401699384,0.7190668524878889,HIGH,0.5224649107403161,MODERATE
118.0,1,1,0.7580633287628492,0.7971491845029264,HIGH,0.6005472427553535,MODERATE
118.5,1,1,0.8969796200593313,0.8943905884104639,HIGH,0.6977886466628911,HIGH
119.0,1,1,0.8942492405573527,0.8924793227590788,HIGH,0.695877381011506,HIGH
119.5,0,1,0.8357954621315002,0.8515616778609822,HIGH,0.6549597361134094,HIGH
120.0,1,1,0.8134380181630453,0.8359114670830636,HIGH,0.6393095253354908,MODERATE
120.5,1,1,0.815877785285314,0.8376193040686517,HIGH,0.6410173623210789,MODERATE
121.0,1,1,0.7699558635552725,0.8054739588576227,HIGH,0.6088720171100499,MODERATE
121.5,1,1,0.7621961633364359,0.8000421687044372,HIGH,0.6034402269568644,MODERATE
122.0,1,1,0.7667515178521475,0.8032309168654352,HIGH,0.6066289751178624,MODERATE
122.5,0,1,0.819250096877416,0.8399799221831232,HIGH,0.6433779804355504,MODERATE
123.0,1,1,0.7356352657079697,0.7814495403645108,HIGH,0.5848475986169379,MODERATE
123.5,1,1,0.7317986736694971,0.77876392593758,HIGH,0.5821619841900072,MODERATE
124.0,1,1,0.7792539248863856,0.8119826017894018,HIGH,0.615380660041829,MODERATE
124.5,1,1,0.7779404272635778,0.8110631534534365,HIGH,0.6144612117058637,MODERATE
125.0,1,1,0.7532009035348892,0.7937454868433544,HIGH,0.5971435450957816,MODERATE
125.5,1,1,0.7779056082169215,0.811038780120777,HIGH,0.6144368383732042,MODERATE
126.0,1,1,0.859337309996287,0.8680409713663328,HIGH,0.67143902961876,HIGH
126.5,1,1,0.8603719174861908,0.8687651966092655,HIGH,0.6721632548616927,HIGH
127.0,0,1,0.8358294566472372,0.8515854740219981,HIGH,0.6549835322744253,HIGH
127.5,1,1,0.8413435419400533,0.8554453337269694,HIGH,0.6588433919793966,HIGH
128.0,1,1,0.8652264078458151,0.8721633398610025,HIGH,0.6755613981134296,HIGH
128.5,1,1,0.8630270262559255,0.8706237727480799,HIGH,0.674021831000507,HIGH
129.0,1,1,0.8485371073087057,0.8604808294850259,HIGH,0.6638788877374531,HIGH
129.5,1,1,0.8557153145472208,0.8655055745519866,HIGH,0.6689036328044138,HIGH
130.0,1,1,0.8239540557066599,0.8432726933635939,HIGH,0.6466707516160211,MODERATE
130.5,1,1,0.8371965686480204,0.8525424524225462,HIGH,0.6559405106749734,HIGH
131.0,1,1,0.859041690826416,0.8678340379474232,HIGH,0.6712320961998504,HIGH
131.5,0,1,0.8532132804393768,0.8637541506764959,HIGH,0.667152208928923,HIGH
132.0,1,1,0.8241806626319885,0.843431318211324,HIGH,0.6468293764637512,MODERATE
132.5,1,0,0.7355371365944544,0.7813808499850501,HIGH,0.5847789082374772,MODERATE
133.0,0,0,0.7806689788897833,0.8129731395917803,HIGH,0.6163711978442075,MODERATE
133.5,0,0,0.6546401977539062,0.7247529927966664,HIGH,0.5281510510490935,MODERATE
134.0,0,0,0.6151948471864065,0.6971412473994165,HIGH,0.5005393056518437,MODERATE
134.5,0,0,0.5380460470914841,0.6431370873329709,MODERATE,0.44653514558539803,LOW
135.0,0,0,0.4659043662250042,0.592637910726435,MODERATE,0.3960359689788621,LOW
135.5,0,0,0.4849083287020524,0.6059406844603688,MODERATE,0.4093387427127959,LOW
136.0,0,0,0.351103284706672,0.5122771536636025,MODERATE,0.31567521191602965,LOW
136.5,0,0,0.42060795798897743,0.5609304249612163,MODERATE,0.3643284832136434,LOW
137.0,0,1,0.42864416415492695,0.5665557692773809,MODERATE,0.3699538275298081,LOW
137.5,0,1,0.4413561212519805,0.5754541392453184,MODERATE,0.37885219749774557,LOW
138.0,0,1,0.4552982399861018,0.5852136223592033,MODERATE,0.3886116806116305,LOW
138.5,1,1,0.4180145114660263,0.5591150123951505,MODERATE,0.3625130706475776,LOW
139.0,0,1,0.5315381313363711,0.6385815463043918,MODERATE,0.44197960455681895,LOW
139.5,0,1,0.5660517141222954,0.6627410542545389,HIGH,0.466139112506966,LOW
140.0,1,1,0.511619913081328,0.6246387935258617,MODERATE,0.4280368517782888,LOW
140.5,1,1,0.5324269309639931,0.6392037060437272,MODERATE,0.44260176429615433,LOW
141.0,1,1,0.5891271978616714,0.678893892872102,HIGH,0.4822919511245292,LOW
141.5,1,0,0.6489492207765579,0.7207693089125226,HIGH,0.5241673671649497,MODERATE
142.0,0,1,0.650380089879036,0.7217709172842572,HIGH,0.5251689755366844,MODERATE
142.5,0,1,0.636002724369367,0.711706761427489,HIGH,0.5151048196799162,MODERATE
143.0,0,1,0.6073647687832514,0.691660192517208,HIGH,0.49505825076963517,LOW
143.5,1,1,0.6524318506320318,0.7232071498113544,HIGH,0.5266052080637815,MODERATE
144.0,0,1,0.6657872647047043,0.732555939662225,HIGH,0.5359539979146521,MODERATE
144.5,1,1,0.7154361754655838,0.7673101771948407,HIGH,0.5707082354472679,MODERATE
145.0,0,1,0.6802856574455897,0.7427048145808448,HIGH,0.546102872833272,MODERATE
145.5,1,1,0.6696212937434515,0.7352397599893481,HIGH,0.5386378182417753,MODERATE
146.0,0,1,0.7231121758619944,0.7726833774723281,HIGH,0.5760814357247552,MODERATE
146.5,1,1,0.7207603255907694,0.7710370822824706,HIGH,0.5744351405348977,MODERATE
147.0,0,1,0.7042088309923807,0.7594510360635985,HIGH,0.5628490943160257,MODERATE
147.5,1,1,0.7060424188772837,0.7607345475830306,HIGH,0.5641326058354578,MODERATE
148.0,0,1,0.7209006746610006,0.7711353266316325,HIGH,0.5745333848840597,MODERATE
148.5,1,1,0.7685138781865438,0.8044645690995127,HIGH,0.6078626273519399,MODERATE
149.0,0,1,0.8185805777708689,0.8395112588085403,HIGH,0.6429093170609674,MODERATE
149.5,1,1,0.7935103476047516,0.8219620976922581,HIGH,0.6253601559446853,MODERATE
150.0,0,1,0.7771872778733572,0.8105359488802821,HIGH,0.6139340071327093,MODERATE
150.5,1,1,0.7287447651227316,0.7766261899548441,HIGH,0.5800242482072713,MODERATE
151.0,0,1,0.7464390893777212,0.7890122169333369,HIGH,0.5924102751857641,MODERATE
151.5,1,1,0.724999725818634,0.7740046624419759,HIGH,0.577402720694403,MODERATE
152.0,0,1,0.666805366675059,0.7332686110414732,HIGH,0.5366666692939004,MODERATE
152.5,0,1,0.6689698298772176,0.7347837352829845,HIGH,0.5381817935354116,MODERATE
153.0,1,1,0.6966472764809927,0.7541579479056268,HIGH,0.557556006158054,MODERATE
153.5,0,1,0.694592128197352,0.7527193441070785,HIGH,0.5561174023595057,MODERATE
154.0,1,1,0.6989176472028097,0.7557472074108988,HIGH,0.559145265663326,MODERATE
154.5,0,1,0.6317737102508545,0.7087464515445302,HIGH,0.5121445097969574,MODERATE
155.0,1,1,0.6441975136597952,0.7174431139307886,HIGH,0.5208411721832158,MODERATE
155.5,0,1,0.6780964235464731,0.7411723508514632,HIGH,0.5445704091038903,MODERATE
156.0,1,1,0.7000387012958527,0.7565319452760288,HIGH,0.559930003528456,MODERATE
156.5,1,1,0.7361957331498464,0.7818418675738246,HIGH,0.5852399258262517,MODERATE
157.0,1,1,0.7515174647172292,0.7925670796709925,HIGH,0.5959651379234197,MODERATE
157.5,0,1,0.8242036600907644,0.843447416432467,HIGH,0.6468454746848942,MODERATE
158.0,1,1,0.8699500858783722,0.8754699144837925,HIGH,0.6788679727362197,HIGH
158.5,0,1,0.848143587509791,0.8602053656257858,HIGH,0.6636034238782129,HIGH
159.0,1,1,0.8669593532880148,0.8733764016705423,HIGH,0.6767744599229695,HIGH
159.5,1,1,0.8779307703177134,0.8810563935913314,HIGH,0.6844544518437585,HIGH
160.0,0,1,0.8802328308423361,0.8826678359585673,HIGH,0.6860658942109945,HIGH
160.5,1,1,0.858930915594101,0.8677564952848027,HIGH,0.6711545535372299,HIGH
161.0,1,1,0.8568874696890513,0.866326083151268,HIGH,0.6697241414036952,HIGH
161.5,0,1,0.8587022225062052,0.8675964101232756,HIGH,0.6709944683757028,HIGH
162.0,1,1,0.8170991440614065,0.8384742552119167,HIGH,0.6418723134643438,MODERATE
162.5,1,1,0.8019677996635437,0.8278823141334126,HIGH,0.6312803723858398,MODERATE
163.0,1,1,0.7321368853251139,0.7790006740965119,HIGH,0.582398732348939,MODERATE
163.5,1,1,0.6550203661123911,0.7250191106476058,HIGH,0.528417168900033,MODERATE
164.0,0,1,0.666125883658727,0.732792972930041,HIGH,0.5361910311824681,MODERATE
164.5,0,1,0.531433059523503,0.6385079960353841,MODERATE,0.44190605428781127,LOW
165.0,1,0,0.5300331947704157,0.637528090708223,MODERATE,0.4409261489606502,LOW
165.5,0,0,0.4448221909503142,0.577880388034152,MODERATE,0.38127844628657914,LOW
166.0,0,0,0.3839540208379428,0.535272668955492,MODERATE,0.33867072720791913,LOW
166.5,0,0,0.4026395504673322,0.5483525396960646,MODERATE,0.35175059794849173,LOW
167.0,0,0,0.3603809600075086,0.5187715263741881,MODERATE,0.3221695846266152,LOW
167.5,0,0,0.4455637224018574,0.5783994600502322,MODERATE,0.38179751830265934,LOW
168.0,0,0,0.41562891378998756,0.5574450940219233,MODERATE,0.3608431522743505,LOW
168.5,0,0,0.37495967497428256,0.5289766268509298,MODERATE,0.332374685103357,LOW
169.0,0,0,0.41469865416487056,0.5567939122843415,MODERATE,0.3601919705367686,LOW
169.5,0,0,0.4229011672238509,0.5625356714256277,MODERATE,0.3659337296780548,LOW
170.0,0,0,0.33529988552133244,0.5012147742338647,MODERATE,0.3046128324862919,LOW
170.5,0,0,0.2750508946677049,0.45904048063632547,LOW,0.2624385388887526,LOW
171.0,0,0,0.2386808084944884,0.43358142031507396,LOW,0.2369794785675011,LOW
171.5,0,0,0.22789444091419378,0.42603096300886767,LOW,0.22942902126129486,LOW
172.0,0,0,0.1936090396096309,0.4020311820956737,LOW,0.20542924034810087,LOW
172.5,0,0,0.15080134632686773,0.3720657967977395,LOW,0.17546385505016665,LOW
173.0,0,0,0.220590236907204,0.42091802020397484,LOW,0.22431607845640203,LOW
173.5,0,0,0.21316827647387981,0.41572264790064795,LOW,0.21912070615307508,LOW
174.0,0,0,0.2192681860178709,0.4199925845814417,LOW,0.22339064283386884,LOW
174.5,0,0,0.25618454068899155,0.44583403285122614,LOW,0.2492320911036533,LOW
175.0,0,0,0.2518787545462449,0.4428199825513035,LOW,0.24621804080373066,LOW
175.5,0,0,0.2886834306021531,0.46858325579043925,LOW,0.2719813140428664,LOW
176.0,0,0,0.20941068852941194,0.4130923363395204,LOW,0.21649039459194758,LOW
176.5,0,0,0.23064868276317915,0.42795893230315746,LOW,0.23135699055558462,LOW
177.0,0,0,0.23962520932157835,0.43424250089403693,LOW,0.23764055914646406,LOW
177.5,0,0,0.24156717335184416,0.43560187571522296,LOW,0.23899993396765012,LOW
178.0,0,0,0.3203456203142802,0.4907467885889282,LOW,0.29414484684135533,LOW
178.5,0,0,0.3161662022272746,0.48782119592802425,LOW,0.2912192541804514,LOW
179.0,0,0,0.40023037294546765,0.5466661154307594,MODERATE,0.35006417368318654,LOW
179.5,0,0,0.38134562969207764,0.5334467951533863,MODERATE,0.33684485340581355,LOW
180.0,0,0,0.35722855975230533,0.5165648461955458,MODERATE,0.31996290444797293,LOW
180.5,0,0,0.41056859741608304,0.5539028725601902,MODERATE,0.3573009308126173,LOW
181.0,0,0,0.33765191088120144,0.5028611919857731,MODERATE,0.3062592502382002,LOW
181.5,0,0,0.292947123448054,0.47156784078256986,LOW,0.274965899034997,LOW
182.0,0,0,0.20836658651630083,0.41236146493034265,LOW,0.2157595231827698,LOW
182.5,0,0,0.2641434408724308,0.4514052629796336,LOW,0.2548033212320608,LOW
183.0,0,0,0.27778149768710136,0.460951902749903,LOW,0.26434996100233016,LOW
183.5,0,0,0.21141378208994865,0.4144945018318961,LOW,0.21789256008432328,LOW
184.0,0,0,0.21458807960152626,0.41671651009000044,LOW,0.2201145683424276,LOW
184.5,0,0,0.2867843521138032,0.4672539008485943,LOW,0.27065195910102147,LOW
185.0,0,0,0.3888863796989123,0.5387253201581707,MODERATE,0.3421233784105978,LOW
185.5,0,0,0.3977557197213173,0.5449338581738541,MODERATE,0.3483319164262813,LOW
186.0,0,0,0.3679745901996891,0.5240870675087144,MODERATE,0.3274851257611416,LOW
186.5,0,0,0.36890694343795377,0.5247397147754997,MODERATE,0.32813777302792685,LOW
187.0,0,0,0.40836055173228186,0.5523572405815294,MODERATE,0.3557552988339565,LOW
187.5,0,0,0.35208188835531473,0.5129621762176524,MODERATE,0.31636023447007955,LOW
188.0,0,0,0.2571212559317549,0.4464897335211605,LOW,0.24988779177358764,LOW
188.5,0,0,0.2306329170241952,0.4279478962858687,LOW,0.23134595453829584,LOW
189.0,0,0,0.2704102620482445,0.45579203780270316,LOW,0.2591900960551303,LOW
189.5,0,0,0.2780604561169942,0.461147173650828,LOW,0.2645452319032552,LOW
190.0,0,0,0.2522277484337489,0.4430642782725563,LOW,0.24646233652498345,LOW
190.5,0,1,0.2624257281422615,0.4502028640685151,LOW,0.2536009223209423,LOW
191.0,0,1,0.24958656231562296,0.4412154479898681,LOW,0.24461350624229528,LOW
191.5,0,1,0.19009214080870152,0.3995693529350231,LOW,0.20296741118745026,LOW
192.0,1,0,0.2188895189513763,0.41972751763489546,LOW,0.22312557588732262,LOW
192.5,0,0,0.29240346886217594,0.47118728257245523,LOW,0.2745853408248824,LOW
193.0,0,0,0.29532205996414024,0.4732302963438302,LOW,0.27662835459625734,LOW
193.5,0,1,0.31627539234856766,0.48789762901292943,LOW,0.2912956872653566,LOW
194.0,0,1,0.3975838664919138,0.5448135609132717,MODERATE,0.34821161916569887,LOW
194.5,0,1,0.47557369867960614,0.5994064434446563,MODERATE,0.4028045016970835,LOW
195.0,1,1,0.4785023828347524,0.6014565223532586,MODERATE,0.40485458060568585,LOW
195.5,1,0,0.4492602248986562,0.5809870117979914,MODERATE,0.38438507005041855,LOW
196.0,0,0,0.4618140111366908,0.5897746621646156,MODERATE,0.39317272041704276,LOW
196.5,0,0,0.4237508252263069,0.5631304320273469,MODERATE,0.366528490279774,LOW
197.0,0,1,0.3815944716334343,0.5336209845123361,MODERATE,0.3370190427647632,LOW
197.5,0,1,0.32689499606688815,0.49533135161575376,LOW,0.2987294098681809,LOW
198.0,0,1,0.32817377895116806,0.4962264996347497,LOW,0.29962455788717685,LOW
198.5,1,1,0.3016146495938301,0.47763510908461315,LOW,0.2810331673370403,LOW
199.0,1,1,0.28035688400268555,0.4627546731708119,LOW,0.2661527314232391,LOW
199.5,0,1,0.27893252670764923,0.4617576230642865,LOW,0.2651556813167137,LOW
200.0,1,0,0.2708691308895747,0.4561132459916344,LOW,0.25951130424406155,LOW
200.5,0,0,0.26516954849163693,0.45212353831307794,LOW,0.2555215965655051,LOW
201.0,0,0,0.2704709743460019,0.45583453641113336,LOW,0.2592325946635605,LOW
201.5,0,0,0.30361901968717575,0.4790381681499551,LOW,0.28243622640238225,LOW
202.0,0,0,0.2844181954860687,0.46559759120918015,LOW,0.2689956494616073,LOW
202.5,0,0,0.35449015349149704,0.51464796181298,MODERATE,0.31804602006540716,LOW
203.0,0,0,0.3618217085798581,0.5197800503748327,MODERATE,0.3231781086272599,LOW
203.5,0,0,0.40979983409245807,0.5533647382336526,MODERATE,0.35676279648607984,LOW
204.0,0,0,0.33491926454007626,0.5009483395469854,MODERATE,0.3043463977994126,LOW
204.5,0,0,0.36241631768643856,0.520196276749439,MODERATE,0.3235943350018662,LOW
205.0,0,0,0.38413703503708047,0.5354007788948884,MODERATE,0.3387988371473155,LOW
205.5,0,0,0.3013614919036627,0.4774578987014959,LOW,0.28085595695392307,LOW
206.0,0,0,0.2957961019128561,0.4735621257079313,LOW,0.2769601839603585,LOW
206.5,0,0,0.24001683356861273,0.43451663786696093,LOW,0.23791469611938812,LOW
207.0,0,0,0.24843048304319382,0.44040619249916774,LOW,0.2438042507515949,LOW
207.5,0,0,0.2186548337340355,0.4195632379827569,LOW,0.22296129623518407,LOW
208.0,0,0,0.19222542891899744,0.40106265461223023,LOW,0.20446071286465742,LOW
208.5,0,0,0.2543403332432111,0.4445430876391798,LOW,0.24794114589160698,LOW
209.0,0,0,0.23005576928456625,0.42754389286812844,LOW,0.2309419511205556,LOW
209.5,0,0,0.23717545717954636,0.4325276743946145,LOW,0.23592573264704167,LOW
210.0,0,0,0.3376540193955104,0.5028626679457893,MODERATE,0.3062607261982165,LOW
210.5,0,0,0.2849946891268094,0.4660011367576986,LOW,0.26939919501012577,LOW
211.0,0,0,0.32431232184171677,0.4935234796581338,LOW,0.296921537910561,LOW
211.5,0,0,0.2641625242928664,0.4514186213739385,LOW,0.25481667962636567,LOW
212.0,0,0,0.27431465312838554,0.45852511155880193,LOW,0.2619231698112291,LOW
212.5,0,0,0.30868104969461757,0.48258158915516436,LOW,0.2859796474075915,LOW
213.0,0,0,0.3232482758661111,0.49277864747520983,LOW,0.296176705727637,LOW
213.5,0,0,0.3403094820678234,0.5047214918164085,MODERATE,0.3081195500688356,LOW
214.0,0,0,0.3796124570071697,0.5322335742739508,MODERATE,0.335631632526378,LOW
214.5,0,0,0.4618831177552541,0.5898230367976098,MODERATE,0.39322109505003705,LOW
215.0,0,0,0.47585617502530414,0.5996041768866449,MODERATE,0.40300223513907213,LOW
215.5,0,0,0.49050788084665936,0.6098603709615936,MODERATE,0.4132584292140208,LOW
216.0,0,0,0.3802831545472145,0.5327030625519822,MODERATE,0.33610112080440935,LOW
216.5,0,0,0.3890994017322858,0.538874435581532,MODERATE,0.34227249383395925,LOW
217.0,0,0,0.36311809966961545,0.5206875241376628,MODERATE,0.32408558239009,LOW
217.5,0,0,0.2753579132258892,0.4592553936270545,LOW,0.26265345187948164,LOW
218.0,0,0,0.24154618630806604,0.43558718478457825,LOW,0.23898524303700544,LOW
218.5,0,0,0.17554700560867786,0.38938775829500655,LOW,0.1927858165474337,LOW
219.0,0,0,0.1941542470206817,0.4024128272834092,LOW,0.2058108855358364,LOW
219.5,0,0,0.19094885823627314,0.4001690551343232,LOW,0.2035671133867504,LOW
220.0,0,0,0.13507751810053983,0.36105911703930993,LOW,0.1644571752917371,LOW
220.5,0,0,0.14874092551569143,0.3706235022299161,LOW,0.17402156048234324,LOW
221.0,0,0,0.21553762443363667,0.4173811914724777,LOW,0.22077924972490487,LOW
221.5,0,0,0.28572098662455875,0.4665095450061232,LOW,0.26990760325855034,LOW
222.0,0,0,0.28115904331207275,0.463316184687383,LOW,0.26671424293981016,LOW
222.5,0,0,0.24474762380123138,0.43782819102979403,LOW,0.2412262492822212,LOW
223.0,0,0,0.2553679645061493,0.4452624295232366,LOW,0.2486604877756637,LOW
223.5,0,0,0.2458462007343769,0.43859719488299587,LOW,0.24199525313542306,LOW
224.0,0,0,0.23215159649650255,0.42901097191648385,LOW,0.232409030168911,LOW
224.5,0,0,0.2702392227947712,0.4556723103252719,LOW,0.25907036857769905,LOW
225.0,0,0,0.33016428475578624,0.49761985369798245,LOW,0.3010179119504096,LOW
225.5,0,0,0.38931774720549583,0.5390272774127791,MODERATE,0.3424253356652063,LOW
226.0,0,0,0.43401245151956874,0.5703135704326301,MODERATE,0.3737116286850573,LOW
226.5,0,1,0.4890499810377757,0.608839841095375,MODERATE,0.4122378993478022,LOW
227.0,0,1,0.48429104685783386,0.6055085871694157,MODERATE,0.4089066454218429,LOW
227.5,0,1,0.44897569219271344,0.5807878389038315,MODERATE,0.3841858971562586,LOW
228.0,1,1,0.4742957055568695,0.5985118482587407,MODERATE,0.40190990651116787,LOW
228.5,0,1,0.4901593029499054,0.6096163664338659,MODERATE,0.41301442468629296,LOW
229.0,1,1,0.5367971261342367,0.6422628426628978,MODERATE,0.4456609009153249,LOW
229.5,1,1,0.5260863602161407,0.6347653065202306,MODERATE,0.4381633647726577,LOW
230.0,1,1,0.5835220118363699,0.674970262654391,HIGH,0.47836832090681813,LOW
230.5,1,0,0.6212266882260641,0.7013635361271768,HIGH,0.504761594379604,MODERATE
231.0,0,0,0.5232284640272459,0.6327647791880042,MODERATE,0.43616283744043133,LOW
231.5,0,1,0.48483878125747043,0.6058920012491613,MODERATE,0.40929005950158853,LOW
232.0,0,1,0.4364210193355878,0.5719995679038434,MODERATE,0.37539762615627065,LOW
232.5,0,1,0.4602976366877556,0.588713200050361,MODERATE,0.3921112583027881,LOW
233.0,1,1,0.4492604260643323,0.5809871526139647,MODERATE,0.3843852108663918,LOW
233.5,0,1,0.45600294321775436,0.58570691462136,MODERATE,0.38910497287378726,LOW
234.0,1,1,0.5243369688590368,0.6335407325702578,MODERATE,0.43693879082268494,LOW
234.5,1,1,0.47646446463962394,0.6000299796166688,MODERATE,0.403428037869096,LOW
235.0,0,1,0.4560392467925946,0.5857323271237482,MODERATE,0.38913038537617545,LOW
235.5,1,1,0.45120721744994324,0.5823499065838923,MODERATE,0.38574796483631946,LOW
236.0,0,1,0.42248125560581684,0.5622417332930039,MODERATE,0.36563979154543097,LOW
236.5,1,0,0.3053053605059783,0.4802186067231169,LOW,0.28361666497554405,LOW
237.0,0,0,0.27922022218505543,0.46195900989847083,LOW,0.265357068150898,LOW
237.5,0,0,0.3295137130965789,0.49716445353653727,LOW,0.3005625117889644,LOW
238.0,0,1,0.30642237327992916,0.48100051566488244,LOW,0.2843985739173096,LOW
238.5,0,1,0.29715482455988723,0.4745132315608531,LOW,0.2779112898132803,LOW
239.0,0,1,0.27872793935239315,0.46161441191560726,LOW,0.2650124701680344,LOW
239.5,1,0,0.33656710758805275,0.5021018296805689,MODERATE,0.3054998879329961,LOW
240.0,0,1,0.33987223481138545,0.5044154187369019,MODERATE,0.30781347698932904,LOW
240.5,0,1,0.3618202842772007,0.5197790533629725,MODERATE,0.3231771116153997,LOW
241.0,0,1,0.36946819971005124,0.5251325941659679,MODERATE,0.3285306524183951,LOW
241.5,1,1,0.32846564799547195,0.49643080796576244,LOW,0.2998288662181896,LOW
242.0,1,1,0.3761472776532173,0.5298079487261842,MODERATE,0.3332060069786113,LOW
242.5,1,0,0.3544726644953092,0.5146357195156485,MODERATE,0.3180337777680756,LOW
243.0,0,0,0.3546567037701607,0.5147645470080445,MODERATE,0.3181626052604717,LOW
243.5,0,0,0.34711409856875736,0.5094847233670622,MODERATE,0.31288278161948935,LOW
244.0,0,0,0.35821589330832165,0.5172559796847572,MODERATE,0.3206540379371844,LOW
244.5,0,0,0.3964477976163228,0.5440183127003579,MODERATE,0.34741637095278516,LOW
245.0,0,0,0.2970812972635031,0.47446176245338423,LOW,0.2778598207058114,LOW
245.5,0,0,0.33774479292333126,0.5029262094152639,MODERATE,0.30632426766769105,LOW
246.0,0,0,0.3058511024961869,0.48060062611626286,LOW,0.28399868436869,LOW
246.5,0,0,0.31240989329914254,0.4851917796783318,LOW,0.288589837930759,LOW
247.0,0,0,0.3419185137997071,0.505847814028727,MODERATE,0.3092458722811542,LOW
247.5,0,0,0.3364164388428132,0.5019963615589013,MODERATE,0.3053944198113284,LOW
248.0,0,0,0.41457322239875793,0.5567061100480626,MODERATE,0.36010416830048975,LOW
248.5,0,0,0.38841649889945984,0.538396403598554,MODERATE,0.3417944618509811,LOW
249.0,0,0,0.3696192887922128,0.525238356523481,MODERATE,0.32863641477590816,LOW
249.5,0,0,0.3954879082739353,0.5433463901606868,MODERATE,0.3467444484131139,LOW
250.0,0,0,0.33917073098321754,0.5039243660571844,MODERATE,0.3073224243096115,LOW
250.5,0,0,0.2933576311916113,0.47185519620305993,LOW,0.2752532544554871,LOW
251.0,0,0,0.20905872030804554,0.41284595858456397,LOW,0.2162440168369911,LOW
251.5,0,0,0.1926943197225531,0.4013908781747192,LOW,0.20478893642714638,LOW
252.0,0,0,0.1935224517559012,0.40197057059806285,LOW,0.20536862885049004,LOW
252.5,0,0,0.1546696756655971,0.37477362733485003,LOW,0.1781716855872772,LOW
253.0,0,0,0.2189590586349368,0.41977619541338784,LOW,0.22317425366581498,LOW
253.5,0,0,0.319487886192898,0.4901463747039606,LOW,0.29354443295638777,LOW
254.0,0,0,0.41087622319658595,0.5541182106065422,MODERATE,0.35751626885896937,LOW
254.5,0,1,0.5250570016602675,0.6340447555311193,MODERATE,0.43744281378354644,LOW
255.0,0,1,0.6164343357086182,0.6980088893649647,HIGH,0.5014069476173919,MODERATE
255.5,0,1,0.6539133836825689,0.7242442229467303,HIGH,0.5276422811991575,MODERATE
256.0,1,0,0.6868756711483002,0.7473178241727422,HIGH,0.5507158824251693,MODERATE
256.5,0,0,0.6046877354383469,0.6897862691757748,HIGH,0.493184327428202,LOW
257.0,0,0,0.5853690256675085,0.676263172336188,HIGH,0.47966123058861515,LOW
257.5,0,0,0.5384365568558375,0.6434104441680183,MODERATE,0.44680850242044545,LOW
258.0,0,0,0.5290957937637965,0.6368719100035896,MODERATE,0.4402699682560167,LOW
258.5,0,1,0.5380638092756271,0.643149520861871,MODERATE,0.4465475791142982,LOW
259.0,0,1,0.5251473238070806,0.6341079810338885,MODERATE,0.43750603928631565,LOW
259.5,0,1,0.5362572719653448,0.6418849447446734,MODERATE,0.44528300299710055,LOW
260.0,1,1,0.5892665336529413,0.678991427925991,HIGH,0.48238948617841815,LOW
260.5,1,1,0.6064667950073878,0.6910316108741035,HIGH,0.49442966912653064,LOW
261.0,1,1,0.6136956661939621,0.6960918207047055,HIGH,0.49948987895713265,LOW
261.5,1,1,0.6017240534226099,0.687711691764759,HIGH,0.49110975001718615,LOW
262.0,1,1,0.5726785063743591,0.6673798088309835,HIGH,0.4707778670834106,LOW
262.5,1,1,0.5709550231695175,0.6661733705875943,HIGH,0.46957142884002145,LOW
263.0,1,0,0.49377259612083435,0.6121456716535161,MODERATE,0.41554372990594324,LOW
263.5,0,0,0.4063695843021075,0.5509635633804073,MODERATE,0.35436162163283447,LOW
264.0,0,0,0.3432590439915657,0.506786185163028,MODERATE,0.3101842434154552,LOW
264.5,0,1,0.32147661596536636,0.4915384855446885,LOW,0.29493654379711565,LOW
265.0,0,1,0.29561954736709595,0.4734385375258992,LOW,0.27683659577832637,LOW
265.5,0,1,0.3206215451161067,0.49093993595020674,LOW,0.2943379942026339,LOW
266.0,1,0,0.38696208596229553,0.5373783145425389,MODERATE,0.3407763727949661,LOW
266.5,0,0,0.36616841703653336,0.5228227462945054,MODERATE,0.3262208045469326,LOW
267.0,0,0,0.3939478521545728,0.542268350877133,MODERATE,0.34566640912956015,LOW
267.5,0,0,0.37978345900774,0.5323532756743501,MODERATE,0.3357513339267772,LOW
268.0,0,0,0.4356876611709595,0.5714862171886037,MODERATE,0.3748842754410308,LOW
268.5,0,0,0.4169071664412816,0.5583398708778291,MODERATE,0.3617379291302563,LOW
269.0,0,0,0.31607404972116154,0.48775668917374515,LOW,0.2911547474261723,LOW
269.5,0,0,0.3453407995402813,0.5082434140471289,MODERATE,0.3116414722995561,LOW
270.0,0,1,0.427402313798666,0.5656864740279983,MODERATE,0.3690845322804254,LOW
270.5,0,1,0.5069551082948843,0.6213734301753511,MODERATE,0.42477148842777823,LOW
271.0,0,1,0.4602734011908372,0.588696235202518,MODERATE,0.39209429345494523,LOW
271.5,1,1,0.44529779627919197,0.5782133117643664,MODERATE,0.38161137001679357,LOW
272.0,1,1,0.5274090344707171,0.635691178498434,MODERATE,0.43908923675086114,LOW
272.5,0,1,0.6347984050710996,0.7108637379187017,HIGH,0.5142617961711289,MODERATE
273.0,0,1,0.623201755185922,0.7027460829990775,HIGH,0.5061441412515046,MODERATE
273.5,1,1,0.6399248813589414,0.7144522713201911,HIGH,0.5178503295726182,MODERATE
274.0,1,1,0.7415392324328423,0.7855823170719216,HIGH,0.5889803753243488,MODERATE
274.5,0,1,0.849528968334198,0.8611751322028707,HIGH,0.6645731904552978,HIGH
275.0,1,1,0.8907697399457296,0.8900436723309428,HIGH,0.69344173058337,HIGH
275.5,1,1,0.8224599560101827,0.8422268235760599,HIGH,0.6456248818284871,MODERATE
276.0,1,1,0.7464091976483663,0.7889912927227885,HIGH,0.5923893509752156,MODERATE
276.5,1,1,0.7025782366593679,0.7583096200304895,HIGH,0.5617076782829167,MODERATE
277.0,1,1,0.7041306694348654,0.7593963229733378,HIGH,0.562794381225765,MODERATE
277.5,1,1,0.6083937337001165,0.6923804679590135,HIGH,0.49577852621144075,LOW
278.0,0,1,0.5895924121141434,0.6792195428488323,HIGH,0.48261760110125956,LOW
278.5,1,1,0.6610712756713232,0.7292547473388582,HIGH,0.5326528055912854,MODERATE
279.0,1,1,0.7141084919373194,0.7663807987250556,HIGH,0.5697788569774828,MODERATE
279.5,1,1,0.7445885191361109,0.7877168177642098,HIGH,0.5911148760166369,MODERATE
280.0,1,1,0.6515370160341263,0.7225807655928205,HIGH,0.5259788238452476,MODERATE
280.5,1,1,0.669601688782374,0.7352260365165939,HIGH,0.5386240947690211,MODERATE
281.0,1,1,0.6083681583404541,0.6923625652072499,HIGH,0.4957606234596771,LOW
281.5,1,0,0.46768346677223843,0.593883281109499,MODERATE,0.3972813393619261,LOW
282.0,0,0,0.3801652515927951,0.5326205304838886,MODERATE,0.33601858873631574,LOW
282.5,0,0,0.27433309704065323,0.4585380222973893,LOW,0.2619360805498165,LOW
283.0,0,0,0.26021187255779904,0.44865316515939135,LOW,0.2520512234118185,LOW
283.5,0,0,0.2414643590648969,0.4355299057143599,LOW,0.23892796396678706,LOW
284.0,0,0,0.22565700858831406,0.42446476038075187,LOW,0.22786281863317906,LOW
284.5,0,0,0.25934511919816333,0.4480464378076464,LOW,0.2514444960600736,LOW
285.0,0,0,0.23900838941335678,0.4338107269582818,LOW,0.23720878521070896,LOW
285.5,0,0,0.25433142731587094,0.4445368534900417,LOW,0.24793491174246887,LOW
286.0,0,0,0.2374733959635099,0.43273623154338897,LOW,0.23613428979581613,LOW
286.5,0,0,0.2167875145872434,0.41825611458000245,LOW,0.2216541728324296,LOW
287.0,0,0,0.198478564620018,0.40543984960294466,LOW,0.20883790785537182,LOW
287.5,0,0,0.16954587399959564,0.385186966168649,LOW,0.18858502442107616,LOW
288.0,0,0,0.1734444759786129,0.38791598755396106,LOW,0.19131404580638825,LOW
288.5,0,0,0.1285103584329287,0.3564621052719822,LOW,0.15986016352440932,LOW
289.0,0,0,0.12690583368142447,0.3553389379459292,LOW,0.15873699619835635,LOW
289.5,0,0,0.1053230290611585,0.340230974711743,LOW,0.14362903296417018,LOW
290.0,0,0,0.11786198616027832,0.3490082446811269,LOW,0.15240630293355406,LOW
290.5,0,0,0.12401661525170009,0.35331648504512214,LOW,0.1567145432975493,LOW
291.0,0,0,0.12008814141154289,0.3505665533570121,LOW,0.15396461160943925,LOW
291.5,0,0,0.11135826880733173,0.34445564253406424,LOW,0.14785370078649143,LOW
292.0,0,0,0.11794609700640042,0.34906712227341236,LOW,0.15246518052583952,LOW
292.5,0,0,0.1257987047235171,0.354563947675394,LOW,0.15796200592782117,LOW
293.0,0,0,0.09199685075630744,0.3309026498983473,LOW,0.13430070815077444,LOW
293.5,0,0,0.08406048112859328,0.32534719115894734,LOW,0.12874524941137452,LOW
294.0,0,0,0.10311446183671553,0.3386849776546329,LOW,0.1420830359070601,LOW
294.5,0,0,0.1607164116576314,0.379006342529274,LOW,0.1824044007817012,LOW
295.0,0,0,0.14821237542976937,0.3702535171697706,LOW,0.17365157542219778,LOW
295.5,0,0,0.15159987627218166,0.37262476775945924,LOW,0.1760228260118864,LOW
296.0,0,0,0.20822340498367944,0.4122612378575077,LOW,0.21565929610993484,LOW
296.5,0,0,0.20607296377420425,0.41075592901087504,LOW,0.2141539872633022,LOW
297.0,0,0,0.23123082021872202,0.42836642852203743,LOW,0.23176448677446462,LOW
297.5,0,0,0.1909154305855433,0.40014565577881234,LOW,0.20354371403123953,LOW
298.0,0,0,0.19183255483706793,0.4007876427548796,LOW,0.20418570100730676,LOW
298.5,0,0,0.21748093391458193,0.4187415081091394,LOW,0.22213956636156656,LOW
299.0,0,0,0.22803261503577232,0.4261276848939727,LOW,0.22952574314639984,LOW
299.5,0,0,0.28333846231301624,0.4648417779880434,LOW,0.26823983624047054,LOW
300.0,0,0,0.32484841843446094,0.4938987472730547,LOW,0.2972968055254819,LOW
300.5,0,1,0.45723197360833484,0.5865672358947664,MODERATE,0.3899652941471936,LOW
301.0,0,1,0.5487898737192154,0.6506577659723829,HIGH,0.45405582422481,LOW
301.5,0,1,0.6299322495857874,0.7074574290789832,HIGH,0.5108554873314104,MODERATE
302.0,1,1,0.6604512433211008,0.7288207246937026,HIGH,0.5322187829461298,MODERATE
302.5,1,1,0.7151252528031667,0.7670925313311487,HIGH,0.5704905895835759,MODERATE
303.0,1,1,0.6831247160832087,0.7446921556271782,HIGH,0.5480902138796053,MODERATE
303.5,1,1,0.5469040510555109,0.6493376901077896,MODERATE,0.4527357483602168,LOW
304.0,0,1,0.4786623753607273,0.6015685171214411,MODERATE,0.4049665753738683,LOW
304.5,1,0,0.4995201962689559,0.6161689917572012,MODERATE,0.41956705000962835,LOW
305.0,0,1,0.5164870855708917,0.6280458142685563,MODERATE,0.43144387252098343,LOW
305.5,0,1,0.48742974177002907,0.6077056736079525,MODERATE,0.4111037318603796,LOW
306.0,0,1,0.5162669010460377,0.6278916851011584,MODERATE,0.43128974335358555,LOW
306.5,1,1,0.6254388093948364,0.7043120209453175,HIGH,0.5077100791977447,MODERATE
307.0,1,1,0.6159069935480753,0.6976397498525848,HIGH,0.501037808105012,MODERATE
307.5,0,1,0.48988378793001175,0.6094235059199402,MODERATE,0.41282156417236743,LOW
308.0,1,1,0.45281939456860226,0.5834784305669536,MODERATE,0.3868764888193808,LOW
308.5,0,1,0.4709976191322009,0.5962031877614726,MODERATE,0.39960124601389985,LOW
309.0,0,1,0.49616273989280063,0.6138187722938925,MODERATE,0.41721683054631964,LOW
309.5,1,1,0.4127236232161522,0.5554113906202386,MODERATE,0.35880944887266575,LOW
310.0,1,0,0.41572487850983936,0.5575122693258197,MODERATE,0.36091032757824676,LOW
310.5,0,0,0.4433346862594287,0.5768391347505322,MODERATE,0.3802371930029593,LOW
311.0,0,0,0.38795580218235654,0.5380739158965816,MODERATE,0.34147197414900876,LOW
311.5,0,0,0.2940627547601859,0.4723487827010622,LOW,0.27574684095348934,LOW
312.0,0,0,0.19873247668147087,0.40561758804596165,LOW,0.2090156462983888,LOW
312.5,0,0,0.17144682134191194,0.3865176293082704,LOW,0.18991568756069757,LOW
313.0,0,0,0.1505641887585322,0.3718997864999046,LOW,0.17529784475233176,LOW
313.5,0,0,0.10680340478817622,0.3412672377206554,LOW,0.14466529597308259,LOW
314.0,0,0,0.12685945878426233,0.3553064755179157,LOW,0.15870453377034285,LOW
314.5,0,0,0.1326010338962078,0.3593255780962775,LOW,0.16272363634870468,LOW
315.0,0,0,0.1181569043546915,0.3492146874172161,LOW,0.15261274566964328,LOW
315.5,0,0,0.10101731854956597,0.3372169773536282,LOW,0.1406150356060554,LOW
316.0,0,0,0.10241598872623096,0.33819604647729373,LOW,0.1415941047297209,LOW
316.5,0,0,0.11671740177553147,0.3482070356118041,LOW,0.15160509386423127,LOW
317.0,0,0,0.18520671986819556,0.396149558276669,LOW,0.1995476165290961,LOW
317.5,0,0,0.17409585777204484,0.38837195480936343,LOW,0.1917700130617906,LOW
318.0,0,0,0.16937619436066598,0.3850681904213982,LOW,0.1884662486738254,LOW
318.5,0,0,0.1744070133815209,0.3885897637359967,LOW,0.19198782198842385,LOW
319.0,0,0,0.1589665968591968,0.37778147217036984,LOW,0.181179530422797,LOW
319.5,0,0,0.16632286428163448,0.3829308593660762,LOW,0.18632891761850334,LOW
320.0,0,0,0.055285642854869366,0.3052048043673406,LOW,0.10860286261976779,LOW
320.5,0,0,0.04459016242374977,0.2977179680655569,LOW,0.10111602631798405,LOW
321.0,0,0,0.04146054914842049,0.2955272387728264,LOW,0.09892529702525357,LOW
321.5,0,0,0.042437730046610035,0.29621126540155907,LOW,0.09960932365398625,LOW
322.0,0,0,0.0610672819117705,0.3092519517071714,LOW,0.11265000995959858,LOW
322.5,0,0,0.04122540540993214,0.29536263815588454,LOW,0.09876069640831173,LOW
323.0,0,0,0.06353935226798058,0.31098240095651847,LOW,0.11438045920894563,LOW
323.5,0,0,0.06522103026509285,0.312159575554497,LOW,0.11555763380692421,LOW
324.0,0,0,0.07635061939557393,0.3199502879458338,LOW,0.12334834619826097,LOW
324.5,0,0,0.07207853207364678,0.3169598268204848,LOW,0.12035788507291198,LOW
325.0,0,0,0.051995359982053437,0.3029016063563695,LOW,0.10629966460879663,LOW
325.5,0,0,0.0540963759024938,0.3043723175006777,LOW,0.10777037575310489,LOW
326.0,0,0,0.05110590159893036,0.3022789854881833,LOW,0.10567704374061047,LOW
326.5,0,0,0.058528533205389977,0.30747482761270506,LOW,0.1108728858651322,LOW
327.0,0,0,0.06879502721130848,0.31466137341684797,LOW,0.11805943166927516,LOW
327.5,0,0,0.08293538245682915,0.3245596220887125,LOW,0.12795768034113963,LOW
328.0,0,0,0.09227652971943219,0.3310984251725346,LOW,0.13449648342496176,LOW
328.5,0,0,0.09787390132745107,0.3350165852981478,LOW,0.13841464355057498,LOW
329.0,0,0,0.0886370912194252,0.3285508182225297,LOW,0.13194887647495687,LOW
329.5,0,0,0.10345321148633957,0.33892210240936976,LOW,0.14232016066179692,LOW
330.0,0,0,0.12257512162129085,0.35230743950383564,LOW,0.1557054977562628,LOW
330.5,0,0,0.1291887586315473,0.35693698541101515,LOW,0.1603350436634423,LOW
331.0,0,0,0.14202269290884337,0.36592073940512243,LOW,0.1693187976575496,LOW
331.5,0,0,0.14296835785110792,0.3665827048647076,LOW,0.16998076311713478,LOW
332.0,0,0,0.15701337282856306,0.3764142153489262,LOW,0.17981227360135338,LOW
332.5,0,0,0.19645080342888832,0.4040204167691539,LOW,0.20741847502158103,LOW
333.0,0,0,0.18193969503045082,0.39386264089024764,LOW,0.1972606991426748,LOW
333.5,0,0,0.16670769453048706,0.383200240540273,LOW,0.18659829879270018,LOW
334.0,0,0,0.18884509056806564,0.398696417766578,LOW,0.20209447601900515,LOW
334.5,0,0,0.2789090412358443,0.4617411832340231,LOW,0.26513924148645024,LOW
335.0,0,0,0.40492432191967964,0.5499518797127079,MODERATE,0.353349937965135,LOW
335.5,0,0,0.46981706097722054,0.5953767970529864,MODERATE,0.39877485530541357,LOW
336.0,0,1,0.520115086187919,0.6305854147004754,MODERATE,0.4339834729529025,LOW
336.5,0,1,0.6217899123827616,0.7017577930368651,HIGH,0.5051558512892923,MODERATE
337.0,0,1,0.7335063219070435,0.7799592797038624,HIGH,0.5833573379562895,MODERATE
337.5,1,1,0.7742986579736074,0.8085139149504572,HIGH,0.6119119732028844,MODERATE
338.0,0,1,0.7562437554200491,0.7958754831629664,HIGH,0.5992735414153936,MODERATE
338.5,0,1,0.7281020482381185,0.7761762881356149,HIGH,0.5795743463880421,MODERATE
339.0,1,0,0.7601722677548727,0.7986254417973428,HIGH,0.60202350004977,MODERATE
339.5,0,1,0.7293207844098409,0.7770294034558207,HIGH,0.5804274617082479,MODERATE
340.0,0,1,0.6170223901669184,0.6984205274857749,HIGH,0.501818585738202,MODERATE
340.5,0,1,0.5659406036138535,0.6626632768986295,HIGH,0.46606133515105663,LOW
341.0,1,0,0.45171493540207547,0.5827053091503849,MODERATE,0.38610336740281204,LOW
341.5,0,0,0.42350013305743534,0.5629549475091368,MODERATE,0.36635300576156393,LOW
342.0,0,1,0.45537343869606656,0.5852662614561787,MODERATE,0.3886643197086058,LOW
342.5,0,1,0.497782660027345,0.6149527163880735,MODERATE,0.4183507746405007,LOW
343.0,0,1,0.47586359332005185,0.5996093696929683,MODERATE,0.4030074279453955,LOW
343.5,1,1,0.5214859818418821,0.6315450416582495,MODERATE,0.4349430999106767,LOW
344.0,0,1,0.5866826971371969,0.6771827423649699,HIGH,0.48058080061739705,LOW
344.5,1,0,0.5697835485140482,0.6653533383287658,HIGH,0.46875139658119297,LOW
345.0,0,0,0.5482014218966166,0.6502458496965636,HIGH,0.4536439079489908,LOW
