Id,BIRTHDATE,DEATHDATE,SSN,DRIVERS,PASSPORT,PREFIX,FIRST,MIDDLE,LAST,SUFFIX,MAIDEN,MARITAL,RACE,ETHNICITY,GENDER,BIRTHPLACE,ADDRESS,CITY,STATE,COUNTY,FIPS,ZIP,LAT,LON,HEALTHCARE_EXPENSES,HEALTHCARE_COVERAGE,INCOME,risk_score,static_risk
a0bdf4f1-d72b-80b9-8514-420f1ec44af9,1919-04-04,1971-06-06,999-69-1014,S99984508,X43653586X,Mr.,Ismael683,,Dietrich576,,,S,white,nonhispanic,M,Woburn  Massachusetts  US,492 Okuneva Green,Watertown,Massachusetts,Middlesex County,25017.0,2472,42.375999081020254,-71.1706034041833,111255.84,121062.08,167300,3,0.16666666666666666
a92917cf-e5d8-f89f-50bc-291e8a42ecf1,1968-02-24,,999-53-8131,S99983181,X23456708X,Mr.,Weldon459,Brad867,Lowe577,,,S,white,nonhispanic,M,Beverly  Massachusetts  US,363 Brown Route,Dennis,Massachusetts,Barnstable County,25001.0,2638,41.7115076409965,-70.22363586673289,221376.32,688375.21,142541,3,0.16666666666666666
022091df-71d3-d0c7-0f73-5965816f9696,1919-04-04,2013-01-12,999-39-1762,S99992692,X48854540X,Mr.,Lewis216,,Lowe577,,,M,white,nonhispanic,M,Reading  Massachusetts  US,624 Kub Corner,Watertown,Massachusetts,Middlesex County,25017.0,2472,42.321560198295,-71.21646978283883,196732.71,280087.05,167300,5,0.2777777777777778
ab6cbc58-9544-4008-6fb8-e03b63fa8a74,1969-06-23,,999-52-5028,S99990830,X06876591X,Mrs.,Clarine378,Cathryn51,Leffler128,,Hermann103,M,white,nonhispanic,F,Cambridge  Massachusetts  US,212 Bashirian Overpass,Ashland,Massachusetts,Middlesex County,,0,42.276774996689376,-71.4462732862948,926600.07,398579.52,81643,5,0.2777777777777778
5b7dde17-f3cc-e6a8-c5ff-a1c1af2b70bb,1952-06-06,,999-26-9212,S99979208,X93485583X,Mr.,Mikel238,Desmond566,Luettgen772,,,M,asian,nonhispanic,M,Hanoi  Hà Đông  VN,954 Hammes Common Unit 51,Auburn,Massachusetts,Worcester County,,0,42.17303014335258,-71.85423739220458,136502.8,665245.28,33609,5,0.2777777777777778
f681db3f-9983-75a9-2fc3-aa275d2d112d,1919-04-04,2005-03-18,999-61-9411,S99967342,X16535227X,Mr.,Roscoe437,Emmanuel930,Crist667,,,M,white,nonhispanic,M,Boston  Massachusetts  US,454 Marquardt Park,Watertown,Massachusetts,Middlesex County,25017.0,2472,42.32574998506379,-71.1303973651414,170020.72,186354.74,167300,2,0.1111111111111111
2d6e4690-dd20-4e7c-4258-451b17500854,1964-06-26,,999-10-1670,S99936659,X70562691X,Mr.,Donnie175,Maurice742,Donnelly343,,,M,white,nonhispanic,M,Woburn  Massachusetts  US,192 Dibbert Stravenue Suite 90,Raynham,Massachusetts,Bristol County,,0,41.941358439462505,-71.05025130490189,174326.41,24173.57,129677,3,0.16666666666666666
adab81d0-5a1d-734f-9296-70f14ae254bb,1954-04-22,,999-26-5335,S99992931,X17890937X,Mrs.,Doreen575,Tess185,Reinger292,,Raynor401,D,white,nonhispanic,F,Andover  Massachusetts  US,112 Armstrong Meadow Unit 86,Great Barrington,Massachusetts,Berkshire County,25003.0,1230,42.19217586865449,-73.30465513988814,529414.34,394230.41,73612,8,0.4444444444444444
8d05e0d2-c3f9-110e-c355-5ebc3bddb9bf,1989-08-05,,999-60-6951,S99974244,X10259119X,Mr.,Jeromy156,Dino214,Walsh511,,,M,asian,nonhispanic,M,Millis  Massachusetts  US,532 Mosciski Wall Apt 6,Malden,Massachusetts,Middlesex County,25017.0,2155,42.39266992525768,-71.09044576065297,97432.18,30337.95,66599,2,0.1111111111111111
edb6c534-0083-dca6-835d-e640bbfac15a,1978-03-04,,999-29-3500,S99964160,X02079346X,Mrs.,Lue764,Shaquita282,Cummerata161,,Trantow673,M,white,nonhispanic,F,Westborough  Massachusetts  US,163 Lemke Port,West Springfield,Massachusetts,Hampden County,25013.0,1089,42.15854348321089,-72.6225533416074,178582.2,750369.45,26614,3,0.16666666666666666
6cd65ad3-cb17-981b-d64e-c411923b8f95,1984-07-27,,999-71-5578,S99985788,X90520430X,Mr.,Willy639,Brain142,Langosh790,,,D,white,nonhispanic,M,Danvers  Massachusetts  US,1022 Schumm Haven Apt 25,Lowell,Massachusetts,Middlesex County,25017.0,1851,42.656109355655566,-71.31887023410005,61392.67,22959.05,112544,1,0.05555555555555555
9deb206b-a9e4-32ed-8488-2b3ac115fb3b,1996-04-10,,999-85-1841,S99971492,X63575916X,Mr.,Salvatore257,,Eichmann909,,,M,white,nonhispanic,M,Carver  Massachusetts  US,156 Nienow Flat,Attleboro,Massachusetts,Bristol County,25005.0,2703,41.94713331665933,-71.2831310858421,82232.32,34140.78,695752,1,0.05555555555555555
299b1a3a-56b2-fa3d-c033-2f96f54ccc67,1985-01-31,,999-39-2259,S99971180,X23400429X,Mrs.,Anika194,Berry486,Kulas532,,Grant908,M,white,nonhispanic,F,Hopkinton  Massachusetts  US,712 Ward Brook,Fiskdale,Massachusetts,Worcester County,25027.0,1518,42.15085238555198,-72.08510415947032,258440.16,857672.15,141456,2,0.1111111111111111
a73095ab-c762-fe6b-c27a-a603d5e472ea,1985-09-28,,999-48-4507,S99955739,X61118524X,Mrs.,Lean294,Sulema841,Corkery305,,Kulas532,M,white,nonhispanic,F,Boston  Massachusetts  US,671 Schaefer Highlands Apt 2,Milton,Massachusetts,Norfolk County,25021.0,2186,42.25104770974595,-71.09463914564822,227864.17,17622.79,85473,3,0.16666666666666666
0c02ed89-179d-3eb2-1487-9ec297aad1aa,2002-09-21,,999-65-8228,S99934594,X57224644X,Ms.,Shandi937,Ona426,D'Amore443,,,,white,nonhispanic,F,Marlborough  Massachusetts  US,194 Simonis Corner Suite 78,Westborough,Massachusetts,Worcester County,25027.0,1581,42.28808518989519,-71.59514007554681,88415.7,142335.45,98922,2,0.1111111111111111
51a733ab-dd31-08e3-3f84-1c33bd85d840,1950-10-24,,999-17-1931,S99993396,X39937993X,Mrs.,Carmella421,Rubi442,Watsica258,,Tillman293,M,white,nonhispanic,F,Boston  Massachusetts  US,350 Cassin Forge,Cheshire,Massachusetts,Berkshire County,25003.0,1225,42.608230087935006,-73.18094934898714,20691.12,1304527.18,21197,3,0.16666666666666666
44209233-e2ca-6656-ffee-bc505d7d4a59,1965-07-28,2017-09-23,999-81-8230,S99914254,X27286801X,Mr.,Horacio317,Dwain139,Fisher429,,,M,white,nonhispanic,M,Boston  Massachusetts  US,696 Sauer Loaf Suite 43,Sandwich,Massachusetts,Barnstable County,25001.0,2563,41.68910195625266,-70.48949932541936,132456.89,67042.14,98789,3,0.16666666666666666
37e17548-6656-d6b8-feaf-38a120fc73cb,1970-05-16,,999-30-4202,S99927230,X35916022X,Mr.,Arlen68,,Hane680,,,M,white,nonhispanic,M,New Bedford  Massachusetts  US,758 Bruen Burg,Randolph,Massachusetts,Norfolk County,25021.0,2368,42.16322612830479,-71.10105086186553,134588.92,25682.12,227799,4,0.2222222222222222
e206bb4d-f856-c759-4088-2fccccc0d1dd,1991-09-08,,999-29-4819,S99923737,X58882291X,Mrs.,Tesha491,Imogene688,Cartwright189,,Stark857,D,white,nonhispanic,F,Somerville  Massachusetts  US,264 Treutel Harbor Apt 14,Taunton,Massachusetts,Bristol County,25005.0,2767,41.94581804759611,-71.15270767197254,285536.32,288449.38,45571,2,0.1111111111111111
7dafa905-0da5-68aa-983a-d0d3993a8280,1980-05-19,,999-54-3513,S99939663,X58348045X,Mr.,Zackary401,Garret233,Macejkovic424,,,M,white,nonhispanic,M,Methuen  Massachusetts  US,746 Waters Wall,Ocean Bluff-Brant Rock,Massachusetts,Plymouth County,,0,42.15084857880562,-70.63184138061595,130256.91,86331.39,133591,2,0.1111111111111111
4e5f0ea7-2042-8318-049c-866a2d93c54b,1965-07-28,2017-04-04,999-54-8219,S99989106,X36813653X,Mr.,Edwardo860,,Greenholt190,,,S,white,nonhispanic,M,Paxton  Massachusetts  US,502 Gislason Mall,Sandwich,Massachusetts,Barnstable County,25001.0,2563,41.690309801490855,-70.50123305520209,113992.28,82541.5,98789,3,0.16666666666666666
ab415e50-c5a8-2c21-40d6-d1dfbede870b,1972-05-24,,999-26-7757,S99945892,X63423539X,Mr.,Micah422,Everett935,D'Amore443,,,M,white,nonhispanic,M,Westwood  Massachusetts  US,599 Lakin Glen Suite 37,Walpole,Massachusetts,Norfolk County,25021.0,2081,42.18450710553811,-71.30208215463874,77253.94,92665.4,792454,3,0.16666666666666666
fa2e6a3d-a524-ffe7-3665-5352f1a5961f,1975-03-18,,999-63-8392,S99943446,X66407186X,Mr.,Adrian111,Hosea56,Kassulke119,,,D,white,nonhispanic,M,Westwood  Massachusetts  US,613 Luettgen Grove Suite 31,Springfield,Massachusetts,Hampden County,25013.0,1119,42.115979874210176,-72.5930595832788,18393.26,297427.83,14046,3,0.16666666666666666
2efe805f-a7a6-675d-aaea-a51a267c0c9c,1965-07-28,,999-46-6969,S99971507,X35670009X,Mr.,Norris589,,McClure239,,,M,white,nonhispanic,M,Sheffield  Massachusetts  US,860 Zemlak Gardens Suite 58,Sandwich,Massachusetts,Barnstable County,25001.0,2563,41.707521834849366,-70.43608672087055,192504.7,53981.52,98789,2,0.1111111111111111
c4663eff-d818-ef28-e786-8fbc52c64538,1970-12-11,,999-89-9751,S99958143,X91102415X,Ms.,Mei233,Jamee262,Pacocha935,,,S,white,nonhispanic,F,Tewksbury  Massachusetts  US,795 Heidenreich Trailer,Medford,Massachusetts,Middlesex County,25017.0,2145,42.3674256567256,-71.09843740489501,514226.65,246223.98,52414,3,0.16666666666666666
c0311ee4-318b-cbf0-ce7d-535361ca840a,1992-03-10,,999-62-1666,S99987529,X70747041X,Mrs.,Keith571,Frida746,Gerlach374,,Langworth352,M,white,nonhispanic,F,Phillipston  Massachusetts  US,859 Altenwerth Glen,Dennis,Massachusetts,Barnstable County,25001.0,2638,41.75396983514863,-70.19135783664998,141840.47,890813.13,32183,2,0.1111111111111111
89bc1c39-5de2-a66c-cae1-05e6499a6bd5,1942-11-30,2014-11-13,999-27-8750,S99913794,X74335664X,Mr.,Rex53,,Reynolds644,,,S,white,nonhispanic,M,Becket  Massachusetts  US,361 Johnson Plaza,Brockton,Massachusetts,Plymouth County,25023.0,2302,42.08756869987621,-71.03568046031933,39198.29,410358.32,5556,10,0.5555555555555556
b06a2633-20d1-0be2-e47a-ad05b78fc409,1961-10-16,,999-28-6835,S99964672,X66354518X,Mr.,Monte325,Mel236,Wilkinson796,,,M,white,nonhispanic,M,Cambridge  Massachusetts  US,534 Mitchell Knoll Apt 82,Bridgewater,Massachusetts,Plymouth County,25023.0,2324,41.93531059144306,-71.01327956811978,103934.79,167855.97,77399,3,0.16666666666666666
f2a241de-b811-44d2-209e-455089f5b672,1942-11-30,1988-06-17,999-88-8328,S99973957,X23939663X,Mr.,Elvin140,Santos184,Rau926,,,M,white,nonhispanic,M,Plymouth  Massachusetts  US,920 DuBuque Well,Brockton,Massachusetts,Plymouth County,25023.0,2302,42.04033379095663,-71.03565661302761,8318.67,129686.33,5556,1,0.05555555555555555
e1e16441-60bc-9364-f2c2-3da64e48e858,1957-03-10,,999-52-2913,S99920479,X59223858X,Mr.,Theron432,Abe604,Mosciski958,,,S,white,nonhispanic,M,Cambridge  Massachusetts  US,409 Herzog Gateway Apt 82,Boston,Massachusetts,Suffolk County,25025.0,2125,42.38415082483627,-71.1055674303296,212992.51,78554.14,41815,5,0.2777777777777778
d27e8500-a1de-3a2f-1eac-04a05fbcd404,1927-01-05,2020-04-30,999-61-9815,S99960561,X91062841X,Mrs.,Reda120,Marisela850,Harber290,,Dibbert990,M,white,nonhispanic,F,Newburyport  Massachusetts  US,658 Streich Burg,Abington,Massachusetts,Plymouth County,25023.0,2351,42.098824080932914,-70.96219436021799,918123.94,584016.34,78265,6,0.3333333333333333
ab0af7a1-a7fd-0456-1743-7443e203a307,1956-06-26,2010-01-31,999-49-6115,S99985270,X43597469X,Mr.,Rudolf736,Abram53,Hilpert278,,,M,white,nonhispanic,M,North Andover  Massachusetts  US,660 Little Orchard Suite 33,Fall River,Massachusetts,Bristol County,25005.0,2724,41.70224392947218,-71.09696292961739,92778.06,164853.57,131901,14,0.7777777777777778
ebc54e8c-177e-ce12-8f34-4212f62e838b,1956-06-26,1988-10-30,999-46-2883,S99953027,X72689394X,Mr.,Harris789,Jerrold404,Legros616,,,M,white,nonhispanic,M,Milton  Massachusetts  US,110 Hermann Passage Suite 49,Fall River,Massachusetts,Bristol County,25005.0,2790,41.71470790394313,-71.10459376986465,105051.81,44231.14,131901,2,0.1111111111111111
e2f37cbc-7972-2bfb-9ec9-2d7de1a76f22,1927-01-05,2024-06-27,999-81-8729,S99969169,X31889955X,Mrs.,Natalia964,Armanda758,Hills818,,Lind531,M,white,nonhispanic,F,Tyngsborough  Massachusetts  US,970 Bednar Rue,Abington,Massachusetts,Plymouth County,25023.0,2351,42.15926207261711,-70.95247277142734,1038883.76,329746.5,78265,5,0.2777777777777778
e1d0eab5-7a05-c01c-8f24-424ecfe1aa76,1956-06-26,,999-14-8894,S99947384,X01476807X,Mr.,Tad831,,Predovic534,,,M,white,nonhispanic,M,New Bedford  Massachusetts  US,366 Cummerata Course,Fall River,Massachusetts,Bristol County,25005.0,2720,41.71477286545612,-71.05362646965804,136365.96,360379.17,131901,8,0.4444444444444444
54b2a041-ef43-03b0-14e7-c1f9eaaa97a9,1992-08-20,,999-45-9185,S99959672,X67845779X,Mrs.,Maurine401,Niesha86,Schaefer657,,Spencer878,M,black,nonhispanic,F,Millis  Massachusetts  US,654 Sanford Village,Winchester,Massachusetts,Middlesex County,25017.0,1890,42.47642390840548,-71.14427248461635,237125.78,490230.33,468529,4,0.2222222222222222
25aa331a-092c-27e8-13f9-6836c3bfe01b,1984-10-07,,999-72-7405,S99911434,X52205072X,Mr.,Giuseppe872,Marquis364,Kiehn525,,,M,white,nonhispanic,M,Mattapoisett  Massachusetts  US,241 Hettinger Frontage road Apt 78,East Bridgewater,Massachusetts,Plymouth County,,0,42.01061070803809,-70.9121357175287,73132.62,36645.36,32406,4,0.2222222222222222
215e99a8-3497-40e2-8ffa-d29b5b3d9a29,1927-01-05,,999-90-4947,S99957624,X02255523X,Ms.,Sang383,,Gorczany269,,,S,white,nonhispanic,F,Holyoke  Massachusetts  US,296 Brekke Wynd,Abington,Massachusetts,Plymouth County,25023.0,2351,42.156142733202536,-70.98013040524113,1071351.5,846609.97,78265,7,0.3888888888888889
a5667b61-e715-ca79-155d-4724e26f1ac4,1971-04-10,,999-59-3204,S99921148,X51137294X,Ms.,Katharine125,Thalia561,Rodriguez71,,,S,asian,hispanic,F,Danvers  Massachusetts  US,520 Willms Rapid,Boston,Massachusetts,Suffolk County,25025.0,2126,42.33544109353128,-70.99808843895744,15823.93,766266.65,19108,6,0.3333333333333333
dc523963-d6ad-5b12-cc76-f79dc845c437,1963-11-16,,999-58-4335,S99976303,X50606145X,Mrs.,Manie910,,Doyle959,,Ward668,D,white,nonhispanic,F,Framingham  Massachusetts  US,546 Kihn Row,West Springfield,Massachusetts,Hampden County,25013.0,1089,42.169581387841234,-72.6880270960945,240037.62,349089.47,568604,4,0.2222222222222222
111c1160-76fe-448b-73bb-6c7053b1cc1e,1942-11-30,2025-05-25,999-63-2009,S99918021,X07183982X,Mr.,Reuben327,Morgan564,Johnson679,,,M,white,nonhispanic,M,Newton  Massachusetts  US,331 Towne Underpass,Brockton,Massachusetts,Plymouth County,25023.0,2301,42.105356215268,-70.98859583077085,162642.9,3404373.52,5556,8,0.4444444444444444
cd4bca0f-1165-dd12-8b62-fdcf5ced8f46,1970-08-18,,999-72-4027,S99995390,X37988715X,Mr.,Rashad361,Haywood675,Flatley871,,,D,white,nonhispanic,M,Wareham  Massachusetts  US,356 MacGyver Branch,North Reading,Massachusetts,Middlesex County,,0,42.6065524963722,-71.11128110430035,144515.77,24034.11,78958,2,0.1111111111111111
b289ec06-a63a-d277-1c5f-490d67c0cae7,1944-10-29,2025-10-11,999-16-2473,S99929622,X57337592X,Mrs.,Corie618,Danae973,Hoppe518,,Renner328,M,black,nonhispanic,F,North Attleborough  Massachusetts  US,466 Spinka Vista,Lynn,Massachusetts,Essex County,25009.0,1904,42.49097400217165,-70.92748180062054,168913.07,2976372.35,12588,3,0.16666666666666666
3982bc67-5958-910f-d0c5-74a36d3db1dd,1969-07-28,,999-32-2739,S99922157,X38292315X,Mr.,Jeffery551,Jeff859,Jast432,,,S,white,nonhispanic,M,Framingham  Massachusetts  US,302 Berge Street,Medford,Massachusetts,Middlesex County,25017.0,2155,42.42207101591594,-71.10832380579942,143472.56,19312.25,149041,2,0.1111111111111111
7caa8ee0-7c91-d25a-3b1c-876ee21cd24e,1962-01-18,,999-12-7901,S99951389,X64761393X,Mr.,Dirk334,,Schumm995,,,M,white,nonhispanic,M,Malden  Massachusetts  US,420 Kunze Frontage road,Amherst,Massachusetts,Hampshire County,,0,42.36023969095162,-72.49432667477436,33964.9,1113565.25,5782,8,0.4444444444444444
2a00a1ec-c4c8-e0cf-f928-1278adb7b39b,1942-11-30,,999-76-5609,S99978747,X96292082X,Mr.,Rigoberto443,Nathanial472,Kunze215,,,S,white,nonhispanic,M,Lynn  Massachusetts  US,392 Weissnat Divide,Brockton,Massachusetts,Plymouth County,25023.0,2301,42.06750745178915,-71.07008711365249,14703.62,521884.06,5556,2,0.1111111111111111
e80d5c3a-2e0c-d750-ae97-644f22beea25,1966-12-31,,999-86-2676,S99954705,X89004414X,Mrs.,Sharyn437,Nicky270,Wolf938,,Rodriguez71,D,black,nonhispanic,F,Monson  Massachusetts  US,599 Bahringer Walk,Carver,Massachusetts,Plymouth County,,0,41.83801809648511,-70.78151128323826,398504.13,194294.79,81384,5,0.2777777777777778
1bc3d985-f734-5db0-d634-8d0d3885155a,1993-02-23,,999-46-8920,S99953823,X49936503X,Mr.,Rudolf736,Willie882,Tromp100,,,M,white,nonhispanic,M,Stoneham  Massachusetts  US,418 Rolfson Rapid,Boston,Massachusetts,Suffolk County,25025.0,2131,42.354149887916805,-71.05333251254156,88250.68,30470.87,38374,2,0.1111111111111111
da20ff09-0307-6acc-6509-cda397fb6173,1976-11-21,,999-12-4989,S99969610,X19254880X,Mrs.,Mariana775,Audria778,Shields502,,DuBuque211,M,white,nonhispanic,F,Attleboro  Massachusetts  US,739 Roob Frontage road,Fall River,Massachusetts,Bristol County,25005.0,2747,41.66386181558087,-71.15748740038049,346046.11,776508.19,86575,1,0.05555555555555555
c514dea4-4958-b24f-b32d-9353f591ef32,1990-10-14,,999-30-1477,S99963094,X82830527X,Mrs.,Elisha578,Renae431,Reinger292,,Hudson301,M,white,nonhispanic,F,North Andover  Massachusetts  US,235 Kirlin Frontage road Apt 26,Lowell,Massachusetts,Middlesex County,25017.0,1851,42.61605931567616,-71.35406658006116,223282.63,275483.85,48158,1,0.05555555555555555
ae82e38a-b711-14c3-ac93-9f05860c4ebb,1962-02-25,,999-58-6858,S99972671,X06577933X,Mrs.,Cassaundra447,Claudette391,Huels583,,Swaniawski813,M,white,nonhispanic,F,Beverly  Massachusetts  US,424 Sporer Run Suite 27,Melrose,Massachusetts,Middlesex County,25017.0,2176,42.45296940303988,-71.05490519147217,698647.89,75999.75,59304,4,0.2222222222222222
bb64e958-67da-3f6e-2982-2f27b288ae5c,1989-09-21,,999-45-6466,S99990421,X75654056X,Mr.,Arden380,Alfonzo975,Bauch723,MD,,S,black,nonhispanic,M,Easton  Massachusetts  US,417 Gusikowski Mission Suite 15,Cohasset,Massachusetts,Norfolk County,,0,42.25431174010059,-70.81700063954995,63121.31,28148.67,29872,10,0.5555555555555556
37de8b4d-6d64-ad9b-46da-2ec2f5ef1281,1982-04-03,,999-54-8871,S99991214,X69268215X,Mr.,Randell912,Alexis664,Dietrich576,,,S,white,nonhispanic,M,Dighton  Massachusetts  US,789 Berge Gate Unit 69,New Bedford,Massachusetts,Bristol County,25005.0,2748,41.647685799759415,-70.89377647974702,11174.36,186371.61,17299,7,0.3888888888888889
c098b9d5-ed10-7f39-17a1-36c7d3e2a430,2004-12-19,,999-42-1241,S99910476,X30365476X,Mr.,Kermit56,Ezequiel972,Doyle959,,,,asian,hispanic,M,Belmont  Massachusetts  US,296 Carroll Club Apt 9,Winchendon,Massachusetts,Worcester County,25027.0,1475,42.68307581125592,-72.08065632920881,20767.46,62392.74,64916,4,0.2222222222222222
30b248e9-a0e3-b0a0-039c-ab83c8c3f630,1973-02-15,,999-12-2516,S99968405,X64761445X,Mrs.,Usha71,Audrie782,Veum823,MD,McCullough561,M,white,nonhispanic,F,Pembroke  Massachusetts  US,478 Jenkins Trace Unit 47,Lawrence,Massachusetts,Essex County,25009.0,1840,42.759643837605246,-71.20383546241968,257084.6,1148346.47,28286,3,0.16666666666666666
f9e96cd8-b8c0-faab-2f4d-f8286ccd8b05,1944-10-29,,999-21-4776,S99936274,X60432661X,Mrs.,Nohemi878,Lorina403,Friesen796,,Daugherty69,M,black,nonhispanic,F,Boston  Massachusetts  US,447 Schuster Hollow,Lynn,Massachusetts,Essex County,25009.0,1902,42.51599588784842,-70.9579778319271,45837.2,2274538.06,12588,4,0.2222222222222222
b8e1e650-8452-6cfd-53f3-9ce14c9e8870,1976-01-02,,999-58-8224,S99934900,X92453951X,Mr.,Cory323,Elton404,Beatty507,,,M,asian,nonhispanic,M,Daegu  Daegu  KR,455 Berge Port Unit 90,Acton,Massachusetts,Middlesex County,,0,42.45816163087884,-71.42808719157937,84099.07,698523.18,654427,11,0.6111111111111112
3610cc29-879d-e350-385a-805e6202fa1e,1975-02-10,,999-29-9702,S99927252,X96394404X,Mrs.,Carlie972,Neda956,Turcotte120,,Hettinger594,M,black,nonhispanic,F,Lincoln  Massachusetts  US,111 Rolfson Neck Apt 66,Hingham,Massachusetts,Plymouth County,25023.0,2043,42.18223702582665,-70.89719476483288,26110.6,922013.64,13382,3,0.16666666666666666
679404cb-14f3-2e92-0229-d73d51edcd0f,1919-05-06,2020-01-06,999-18-4750,S99935522,X86834855X,Ms.,Dolores502,Barbara209,Galván169,,,S,white,hispanic,F,San Salvador  El Salvador  SV,936 Leuschke Bay,Taunton,Massachusetts,Bristol County,25005.0,2718,41.910743954422,-71.06435723156787,1437805.93,743275.41,88922,6,0.3333333333333333
5ae0bf4c-5c8f-dce3-e562-d73df2ddfd84,1986-03-23,,999-17-5234,S99978830,X39826796X,Mr.,Malcolm243,Gaston250,Lynch190,,,M,white,nonhispanic,M,West Boylston  Massachusetts  US,885 Kozey Meadow Suite 30,Worcester,Massachusetts,Worcester County,25027.0,1610,42.29501755860828,-71.75627667423002,6967.17,90119.95,12012,3,0.16666666666666666
e62014f5-431f-aa36-ee59-323087940f66,1957-04-10,,999-38-1349,S99983206,X06539061X,Mr.,Christoper325,Mickey576,Dickens475,,,M,white,nonhispanic,M,Quincy  Massachusetts  US,414 Konopelski Byway Suite 0,Medway,Massachusetts,Norfolk County,,0,42.11944478632059,-71.45855548703429,321448.17,14881.12,53042,2,0.1111111111111111
03fcb859-f824-8e10-b169-5b2531d3fe7c,1919-05-06,2000-12-10,999-28-9582,S99995637,X48424627X,Mrs.,Josefina523,Marta91,Tamayo777,,Villagómez416,M,white,hispanic,F,Portsmouth  Saint John Parish  DM,633 Bergstrom Row Unit 73,Taunton,Massachusetts,Bristol County,25005.0,2780,41.85784509583921,-71.06063089233042,1104977.49,657141.47,88922,3,0.16666666666666666
e097211c-a900-2c70-9cc4-fabae2ce70c5,1966-12-25,,999-87-7236,S99942087,X04901276X,Mr.,Edison640,Jeffery551,Braun514,,,M,white,nonhispanic,M,Quincy  Massachusetts  US,329 Bradtke Estate,Brockton,Massachusetts,Plymouth County,25023.0,2351,42.10160670089724,-71.03262998587215,250505.63,173781.1,71787,7,0.3888888888888889
95f9fa08-dfca-13e5-b455-4a88ef57df96,1967-05-27,,999-49-8895,S99939499,X43934131X,Mrs.,Janee223,Doris153,Greenholt190,,Funk324,D,other,nonhispanic,F,Warren  Massachusetts  US,869 Weimann Port,Quincy,Massachusetts,Norfolk County,25021.0,2170,42.26068233443461,-71.06325540834096,343198.92,731046.47,31484,4,0.2222222222222222
e585c860-d7ba-ff32-c001-3b6fe5029cc2,1967-10-06,,999-85-2025,S99976562,X17970698X,Mr.,Terrell212,,Labadie908,,,M,white,nonhispanic,M,Gloucester  Massachusetts  US,796 McDermott Wall Unit 81,Springfield,Massachusetts,Hampden County,25013.0,1108,42.15158140890741,-72.49086372950829,131723.6,2787.27,47882,3,0.16666666666666666
67e9fedf-3215-4f25-71bd-008520c686f6,1926-02-28,1994-09-26,999-16-2833,S99953709,X18233027X,Mrs.,Rae910,Chantell995,Effertz744,,Rice937,M,white,nonhispanic,F,Monson  Massachusetts  US,207 Bogisich Knoll,Franklin,Massachusetts,Norfolk County,25021.0,2038,42.10402281784925,-71.44740863283955,19184.47,1268154.63,18832,3,0.16666666666666666
564c13d9-1910-d18a-dd0a-adf48fb9811d,1919-05-06,,999-20-6701,S99972856,X11501566X,Mrs.,Ramona980,Graciela518,Núñez242,,Barrera709,M,white,hispanic,F,Bogota  Bogota  CO,780 Turner Knoll,Taunton,Massachusetts,Bristol County,25005.0,2780,41.89306580639287,-71.07336405190632,1058950.39,292160.11,88922,3,0.16666666666666666
c43e6295-2e07-da85-6f90-a2e86474db25,1926-02-28,1982-05-03,999-19-7440,S99915599,X49526741X,Mrs.,Sha84,Collen405,Halvorson124,,Thompson596,D,white,nonhispanic,F,Haverhill  Massachusetts  US,863 Heaney Rue,Franklin,Massachusetts,Norfolk County,25021.0,2038,42.10800455276805,-71.36113660979309,18773.31,898707.62,18832,5,0.2777777777777778
5983d259-f911-8828-218c-63f9178c5214,1967-12-10,,999-74-3713,S99947146,X16228753X,Mrs.,Demetrius568,May125,Braun514,,Robel940,M,white,nonhispanic,F,Fairhaven  Massachusetts  US,603 Reinger Gate,Wrentham,Massachusetts,Norfolk County,,0,42.0817050356661,-71.30847576888009,653560.84,176996.42,46978,5,0.2777777777777778
48c92450-47f9-f87a-23bc-1fc305ca9c68,1974-04-13,,999-73-8805,S99913196,X17498289X,Mr.,Jimmie93,,Hagenes547,,,D,white,nonhispanic,M,Billerica  Massachusetts  US,331 Vandervort Village Unit 40,Milton,Massachusetts,Norfolk County,25021.0,2186,42.25193946627616,-71.12929000186995,118578.04,613803.35,189526,1,0.05555555555555555
714b3243-6d5b-f0e2-eb22-1bf6f97ce98a,1926-02-28,,999-36-3712,S99996032,X59004492X,Mrs.,Bettie175,Krishna674,Hauck852,,Dietrich576,D,white,nonhispanic,F,Lowell  Massachusetts  US,927 Littel Byway Unit 93,Franklin,Massachusetts,Norfolk County,25021.0,2038,42.09751729844814,-71.39960482748322,27774.1,807867.96,18832,3,0.16666666666666666
356fc5c3-bf94-6bf4-c3ba-0474ca8e967a,1930-06-26,2000-03-30,999-65-9796,S99954027,X28921974X,Mrs.,Kathrin605,Hisako109,Carter549,,Watsica258,M,white,nonhispanic,F,Newburyport  Massachusetts  US,691 Kilback Throughway,Arlington,Massachusetts,Middlesex County,25017.0,2476,42.39449053088239,-71.16276369761422,892953.67,367468.26,95984,8,0.4444444444444444
4de05774-03ad-7df5-1bce-c7527e637b1d,1973-02-13,,999-15-4344,S99914305,X47616332X,Mrs.,Denisha680,,Ledner144,,Hodkiewicz467,M,white,nonhispanic,F,Acushnet  Massachusetts  US,275 Stroman Route Unit 70,Wellesley,Massachusetts,Norfolk County,25021.0,2457,42.2592839125561,-71.33983729713924,350164.69,806186.44,151007,3,0.16666666666666666
18c81ce7-defc-1107-0a13-341fd48ca558,1982-02-21,,999-42-3401,S99950124,X99983059X,Mr.,Rodrigo242,José Emilio366,Ramírez776,,,M,black,hispanic,M,Panama City  Panama  PA,544 Kunze Mission Suite 20,Boston,Massachusetts,Suffolk County,25025.0,2131,42.32419678466943,-71.11446463331993,130484.58,30572.61,90806,5,0.2777777777777778
6a39c621-e1aa-a7e1-751f-5e98082db237,1962-06-09,,999-67-5311,S99942271,X02815399X,Mr.,Noe500,Willis868,Abshire638,,,S,white,nonhispanic,M,Nizhny Novgorod  Nizhny Novgorod Oblast  RU,624 Hickle Arcade Unit 16,Dracut,Massachusetts,Middlesex County,,0,42.67321223260562,-71.26324785689992,120970.42,1070158.64,24634,3,0.16666666666666666
51c9c217-10db-4245-29ed-2b227a6ae0a9,1991-03-17,,999-97-5183,S99930982,X32840966X,Ms.,Pauline896,,Luettgen772,,,S,white,nonhispanic,F,Franklin  Massachusetts  US,333 Bechtelar Fork,Shirley,Massachusetts,Middlesex County,25017.0,1464,42.5588036455585,-71.6683830121758,204955.08,487631.6,676166,2,0.1111111111111111
95530cd6-ad65-ea0f-9be8-45777590269d,1981-05-29,,999-57-2910,S99950216,X20557013X,Mrs.,Donnette259,Bobby524,Torphy630,,Hilll811,M,white,nonhispanic,F,Natick  Massachusetts  US,300 Sauer Arcade,South Duxbury,Massachusetts,Plymouth County,,0,42.06389771444067,-70.69147997939619,220476.25,518313.19,173889,1,0.05555555555555555
13eb4869-2a84-4301-24b3-0541ed2327f2,1930-06-26,,999-96-8760,S99995957,X93264091X,Mrs.,Marin763,Cristie97,Waters156,,Olson653,D,white,nonhispanic,F,Norton  Massachusetts  US,891 Luettgen Park Unit 36,Arlington,Massachusetts,Middlesex County,25017.0,2476,42.37959562986483,-71.21872261474854,694603.97,272360.91,95984,2,0.1111111111111111
70fc1a3d-4c54-fe83-bd8d-5c699d9ab770,2000-02-13,,999-68-9471,S99964417,X55059476X,Mr.,Lamont867,Dwain139,MacGyver246,,,,white,nonhispanic,M,Dunstable  Massachusetts  US,941 Ullrich Village,Reading,Massachusetts,Middlesex County,25017.0,1867,42.56485157938043,-71.05715049397226,90074.59,39203.45,41596,2,0.1111111111111111
f53dd895-c3fe-1d6d-f429-5260d7136e74,1967-02-08,,999-20-8170,S99991182,X03018485X,Mr.,Louis204,Vincent299,Hodkiewicz467,,,M,white,hispanic,M,Hanson  Massachusetts  US,799 Mraz Spur,Lowell,Massachusetts,Middlesex County,25017.0,1854,42.61306227005888,-71.26073793914934,100516.93,82999.85,75877,5,0.2777777777777778
7acfc02a-7b8a-0684-5270-f886d301f449,1990-07-11,,999-83-4472,S99944454,X45945835X,Ms.,Matilde468,Jame231,Funk324,,,S,white,nonhispanic,F,Waltham  Massachusetts  US,511 Cremin Bridge Apt 5,Framingham,Massachusetts,Middlesex County,25017.0,1702,42.2802070062874,-71.43023131118271,214495.1,1218220.96,57272,1,0.05555555555555555
146cca27-6bdf-b907-393a-b4fc1762056e,1956-08-02,,999-51-4382,S99977132,X52310363X,Mrs.,Sha84,Shantelle354,Kunde533,,Beatty507,M,asian,nonhispanic,F,Boston  Massachusetts  US,645 Zieme Union Suite 9,Haverhill,Massachusetts,Essex County,25009.0,1830,42.79859354556958,-71.03625186252795,1135403.39,276105.65,45251,5,0.2777777777777778
df08177f-81d7-5abd-200a-cd5005bb1b3a,1980-11-11,,999-15-8294,S99994716,X44327938X,Mr.,Edward499,Daryl568,Ziemann98,,,M,white,nonhispanic,M,Boston  Massachusetts  US,635 Fritsch Mall,Northborough,Massachusetts,Worcester County,25027.0,1532,42.31163780892671,-71.646646293057,66575.7,68451.91,553588,3,0.16666666666666666
95430571-1ec4-e7f1-50d9-3f98bc734cf9,1966-07-16,,999-17-7139,S99959107,X96146723X,Mrs.,Lupe126,Marti99,Hansen121,,Stiedemann542,M,white,nonhispanic,F,Hingham  Massachusetts  US,655 Douglas Gate Suite 34,Cochituate,Massachusetts,Middlesex County,,0,42.32491186095398,-71.36441472486781,334688.09,684998.05,32650,2,0.1111111111111111
1e9db7df-c797-ca46-ccc7-dae8dc118fc1,1972-10-17,,999-76-8403,S99928490,X37536206X,Mr.,Antone63,Ryan260,Weissnat378,,,W,white,nonhispanic,M,Brookline  Massachusetts  US,448 Wilkinson Brook Unit 81,Milton,Massachusetts,Norfolk County,25021.0,2186,42.19383709784954,-71.03662979597192,124950.34,38914.65,147593,3,0.16666666666666666
6da4da2b-5d21-d2a3-1e7f-e4fc66c61c21,1985-08-29,,999-21-1868,S99986037,X30697716X,Mr.,Seymour882,Antoine384,Fahey393,,,D,white,nonhispanic,M,Marshfield  Massachusetts  US,181 Dickens Camp Suite 35,Tyngsborough,Massachusetts,Middlesex County,,0,42.62507932450729,-71.44751966947915,112459.22,19242.91,725573,4,0.2222222222222222
eb54dac4-644e-63a5-96c5-e0208a395370,1976-03-22,,999-43-2693,S99967728,X26567559X,Mrs.,Verona337,Angele108,Lubowitz58,,Cummerata161,M,white,nonhispanic,F,Lowell  Massachusetts  US,690 Cummerata Esplanade Apt 68,New Bedford,Massachusetts,Bristol County,25005.0,2745,41.64935927624296,-70.95619783685504,479971.73,304637.94,83154,2,0.1111111111111111
bd56a4a7-f51f-688d-3d03-5e50f0981897,1987-03-24,2020-11-19,999-30-5132,S99988313,X54057760X,Mr.,Bradford382,Chet188,Schmeler639,,,M,white,nonhispanic,M,Marlborough  Massachusetts  US,1054 Kris Loaf Apt 30,Amherst Center,Massachusetts,Hampshire County,,0,42.41373619577465,-72.47648493497192,97437.43,258064.05,41991,2,0.1111111111111111
eab996b8-79df-e598-8424-7909d9487375,1967-06-15,2025-08-22,999-40-6633,S99929789,X99974391X,Ms.,Charita800,Antoinette709,Keebler762,,,S,white,nonhispanic,F,Boston  Massachusetts  US,514 Swaniawski Ranch,Ashby,Massachusetts,Middlesex County,,0,42.62767810601996,-71.85683098291948,813797.37,83150.88,115012,5,0.2777777777777778
c80169c5-c27a-a8f3-1198-6737a22ae518,1969-11-22,,999-34-5879,S99976177,X09002804X,Ms.,Hope196,Rosena550,Bauch723,,,S,white,nonhispanic,F,North Andover  Massachusetts  US,386 Witting Forge,Springfield,Massachusetts,Hampden County,25013.0,1151,42.11023561872124,-72.49751361957328,15564.89,1042074.14,14021,4,0.2222222222222222
d2e29310-1794-13b9-2434-049cb9198826,1987-03-24,,999-67-1246,S99965994,X53084959X,Mr.,Al123,,Swift555,,,M,white,nonhispanic,M,Springfield  Massachusetts  US,184 Simonis Mall Suite 98,Amherst Center,Massachusetts,Hampshire County,,0,42.35075631689577,-72.54844937920721,369125.65,297458.81,41991,3,0.16666666666666666
1710a61b-397e-0610-a7fe-372e8749a6bd,1967-06-15,,999-37-1392,S99995753,X42151121X,Mrs.,Melody728,Indira327,Hyatt152,,Bogan287,M,white,nonhispanic,F,Ayer  Massachusetts  US,563 Purdy Bridge,Ashby,Massachusetts,Middlesex County,,0,42.68776058682171,-71.86035362200352,902285.87,773344.64,115012,6,0.3333333333333333
7da6146b-bb43-d076-1394-1c5f9e2d1a4a,1983-01-19,,999-52-2196,S99949163,X59230789X,Mr.,Chauncey770,Alva958,Rice937,,,M,white,hispanic,M,Boston  Massachusetts  US,598 Deckow Glen Apt 34,Methuen,Massachusetts,Essex County,25009.0,1841,42.76307974750457,-71.19386649938885,8851.57,93495.94,15904,6,0.3333333333333333
751f28e7-a79f-c4e9-4ca8-dfbe5802c1d7,1993-02-02,,999-83-4835,S99950482,X02850212X,Ms.,Abby752,,Windler79,,,S,asian,nonhispanic,F,Shanghai  Shanghai Municipality  CN,211 Weimann Ferry,Westford,Massachusetts,Middlesex County,,0,42.55114302298457,-71.43670379140958,13556.41,855379.56,3080,2,0.1111111111111111
09789597-32c7-b97f-1151-1dcfad12b75e,1970-05-22,,999-59-7955,S99980918,X48899543X,Mr.,Eddy900,Tobias236,Herzog843,,,M,black,nonhispanic,M,Danvers  Massachusetts  US,251 Johnston Village,Springfield,Massachusetts,Hampden County,25013.0,1106,42.11296613438159,-72.53456117710716,100391.49,42381.92,30034,5,0.2777777777777778
fb07b0f7-4d5d-ab01-9e13-da519cc66d5a,1965-03-05,,999-66-6818,S99926922,X09295741X,Ms.,Clara183,Pilar644,Galindo802,,,S,black,hispanic,F,San Juan  Puerto Rico  PR,561 Kuhlman Junction Apt 53,Haverhill,Massachusetts,Essex County,25009.0,1835,42.77364392530139,-71.02185731680174,231045.8,245107.54,124052,4,0.2222222222222222
c6bb5464-a8cb-5b48-4fd8-e2059514e944,1962-04-29,2010-02-16,999-11-2266,S99974985,X07319711X,Ms.,Eloise59,,Little434,,,S,white,nonhispanic,F,Worcester  Massachusetts  US,430 Pollich Gardens,Westfield,Massachusetts,Hampden County,25013.0,1086,42.08674046205022,-72.8020553142366,14759.1,892542.6,2813,7,0.3888888888888889
8e487e85-bbd7-72b1-b654-c8fbbd4c035d,1991-06-16,,999-32-2207,S99912689,X67626227X,Mrs.,Eva64,Edris973,Connelly992,,Haag279,M,white,nonhispanic,F,North Andover  Massachusetts  US,180 Tromp Terrace Suite 26,Douglas,Massachusetts,Worcester County,,0,42.04176533485595,-71.79590181855477,164501.81,370037.13,51626,6,0.3333333333333333
0e5db3d8-cfb2-a8c9-70b5-cbf53e0190b5,1962-04-29,,999-33-1653,S99928090,X33815835X,Mrs.,Meridith488,Lucile200,Rath779,,Hudson301,D,white,nonhispanic,F,Boston  Massachusetts  US,789 Hoppe Overpass Apt 35,Westfield,Massachusetts,Hampden County,25013.0,1086,42.12724156274408,-72.73900209715936,34094.04,889171.72,2813,3,0.16666666666666666
0a91718c-1bd3-6340-f7de-876217e4e117,1973-12-04,2008-11-12,999-90-5720,S99937952,X20613039X,Mrs.,Florentina22,,Rogahn59,,Connelly992,M,white,nonhispanic,F,Boston  Massachusetts  US,122 Gislason Road,Weymouth,Massachusetts,Norfolk County,25021.0,2189,42.21638635410305,-70.91475722035803,17092.74,1324786.86,2960,1,0.05555555555555555
a70d5d3c-fc12-c220-79b2-55befca282de,1981-04-12,,999-50-1000,S99925679,X33097809X,Mrs.,Buena501,Sachiko982,Wunsch504,,Blanda868,M,white,nonhispanic,F,Hopkinton  Massachusetts  US,110 Heller Spur,Reading,Massachusetts,Middlesex County,25017.0,1801,42.47144354916404,-71.12802657156779,282756.52,484753.89,789017,3,0.16666666666666666
fe924548-1afd-f968-2a20-bb374e93db75,1973-12-04,,999-69-2079,S99920614,X66226195X,Mrs.,Lilli892,Kimbra238,Marks830,,Paucek755,M,white,nonhispanic,F,Medford  Massachusetts  US,637 Green Approach,Weymouth,Massachusetts,Norfolk County,25021.0,2189,42.14555944056725,-70.99819439279902,25744.82,1243822.94,2960,3,0.16666666666666666
86381101-f974-1fd4-f6d8-77d9d49a8188,1957-05-31,,999-87-7679,S99939731,X25738269X,Mr.,Andres25,,Botsford977,,,M,white,nonhispanic,M,Sagamore  Massachusetts  US,851 Schoen Hollow Apt 89,East Dennis,Massachusetts,Barnstable County,25001.0,2641,41.741965124932925,-70.16713885155255,15213.06,157472.06,2894,2,0.1111111111111111
e64cda25-7596-7807-8616-dd5e5875d441,1945-08-22,,999-37-5490,S99923533,X61270338X,Mr.,Frankie174,Timmy68,Gerlach374,,,M,white,nonhispanic,M,Frankfurt  Hesse  DE,671 Eichmann Mission,Lawrence,Massachusetts,Essex County,25009.0,1840,42.68111918723571,-71.17603136077292,217120.22,1038762.81,36913,8,0.4444444444444444
58eaed11-b176-9de6-2963-57b1e0ebd93d,1963-07-07,,999-31-5072,S99962673,X25931021X,Mrs.,Angel97,,Zboncak558,,Gislason620,M,white,nonhispanic,F,Barnstable  Massachusetts  US,1073 Lind Extension,Leominster,Massachusetts,Worcester County,25027.0,1420,42.56923481493519,-71.74405224897397,26034.95,864277.88,3635,5,0.2777777777777778
e5eec58c-da0a-8315-a342-9e2bfdbd1ead,1971-10-14,,999-65-9807,S99949985,X74157040X,Mrs.,Gilda31,Saundra460,Orn563,,Reinger292,M,white,nonhispanic,F,Granby  Massachusetts  US,824 Bradtke Course Apt 63,Andover,Massachusetts,Essex County,25009.0,1810,42.65390493559846,-71.20656498283613,462201.65,358827.9,46566,2,0.1111111111111111
392a2edf-be71-804a-d2e0-033edaa6cb8b,1972-11-03,,999-69-4775,S99948556,X60178355X,Mrs.,Agripina633,Ciera654,Spencer878,,Heidenreich818,M,white,nonhispanic,F,Somerville  Massachusetts  US,648 Gislason Gate Apt 26,Haverhill,Massachusetts,Essex County,25009.0,1835,42.75225367192517,-71.17458320854372,301886.51,472384.2,70905,3,0.16666666666666666
1a4031f5-5fe8-1de8-e38c-10ba5ed4654b,1936-06-27,,999-28-5945,S99956299,X62414027X,Mrs.,Dominga527,Lynna524,Schiller186,,Kuvalis369,D,white,nonhispanic,F,Boston  Massachusetts  US,633 Grady Estate,Shrewsbury,Massachusetts,Worcester County,,0,42.297976725369885,-71.67769922618834,1043609.39,965289.09,77558,4,0.2222222222222222
6674d014-9722-2d77-eb83-78616398cd2c,1984-10-09,,999-25-6741,S99914605,X05638406X,Mrs.,Joleen561,,Luettgen772,,Heaney114,D,white,hispanic,F,Brockton  Massachusetts  US,1071 Bayer Landing,East Longmeadow,Massachusetts,Hampden County,,0,42.03272098244352,-72.44913948217595,170548.43,1300229.31,32329,4,0.2222222222222222
9c8bf47a-9052-1dd2-9c90-bb592165a2c4,1983-12-29,,999-17-5431,S99976689,X79806609X,Mrs.,Cindie288,Corliss645,Purdy2,,Franecki195,D,white,nonhispanic,F,Bridgewater  Massachusetts  US,162 Aufderhar Walk Apt 69,Arlington,Massachusetts,Middlesex County,25017.0,2474,42.41723009537436,-71.17834237988232,344530.89,506085.08,107139,3,0.16666666666666666
3647c6b0-6e11-f5a5-ae88-c60626f41e26,1975-09-13,,999-13-2392,S99957376,X25944914X,Mrs.,Talitha643,Alyce744,Connelly992,,Weissnat378,D,white,hispanic,F,Boston  Massachusetts  US,126 Cruickshank Knoll Apt 31,Springfield,Massachusetts,Hampden County,25013.0,1020,42.10816251883132,-72.54619815083585,17753.24,637280.82,11251,1,0.05555555555555555
4f3e0896-74ad-182a-f76c-fb8e03bbe6a6,1971-04-05,,999-22-2144,S99944424,X27881168X,Mr.,Frederick289,,McDermott739,,,M,white,nonhispanic,M,Hanover  Massachusetts  US,238 D'Amore Heights,Falmouth,Massachusetts,Barnstable County,25001.0,2540,41.56923287711021,-70.58179811976636,11538.06,179036.28,9369,3,0.16666666666666666
88857626-a47b-eef2-2d63-c50ae8056294,1949-07-02,,999-45-7815,S99917894,X73368982X,Mr.,Hayden835,Morgan564,Gleason633,,,M,native,nonhispanic,M,Lee  Massachusetts  US,1098 O'Reilly Grove Unit 37,Stoneham,Massachusetts,Middlesex County,25017.0,2180,42.509601738652016,-71.0689571088326,77497.56,1239945.2,20601,18,1.0
26908602-e188-c74d-f47c-c1d0745a45f7,1991-11-07,,999-75-9011,S99944299,X61154911X,Mrs.,Malinda718,Madalene903,Bruen238,,Gerlach374,M,black,nonhispanic,F,Peabody  Massachusetts  US,1009 Farrell Corner,Dartmouth,Massachusetts,Bristol County,,0,41.54516473969107,-70.92952266999993,234693.12,662820.89,148075,3,0.16666666666666666
996da6d3-6647-4bb6-06eb-40d181fe4fe9,1954-11-04,,999-85-6262,S99956583,X05474240X,Mrs.,Leslee214,Tula326,Goodwin327,,O'Conner199,D,asian,nonhispanic,F,Bliss Corner  Massachusetts  US,191 Treutel Esplanade Apt 58,Dracut,Massachusetts,Middlesex County,,0,42.70870295242798,-71.33328532627235,673513.66,450143.6,64835,2,0.1111111111111111
5955c581-bc80-1955-e289-88c790eb045d,1967-05-21,,999-60-5837,S99974776,X40657736X,Mrs.,Ayako221,Clarence5,Boehm581,,Rohan584,W,white,nonhispanic,F,Webster  Massachusetts  US,849 Batz Trace,Newburyport,Massachusetts,Essex County,25009.0,1950,42.79343800262209,-70.89930978257807,15004.8,594513.96,14090,3,0.16666666666666666
feac7514-6149-6f50-826c-ede66153156b,1963-02-17,,999-14-5438,S99915425,X48331701X,Mrs.,Melvina326,Merlene950,Monahan736,,Howell947,M,white,hispanic,F,Westwood  Massachusetts  US,488 Jacobs Trafficway Suite 8,Haverhill,Massachusetts,Essex County,25009.0,1830,42.77789515496247,-71.07980058253253,169924.87,484142.2,25402,2,0.1111111111111111
51081389-7d6f-acd9-b6d1-88b16e553a16,1965-12-26,,999-44-9841,S99953496,X94776159X,Mrs.,Otelia900,,Mohr916,,Auer97,D,white,hispanic,F,Brockton  Massachusetts  US,704 Tromp Bypass Apt 71,Lawrence,Massachusetts,Essex County,25009.0,1843,42.6427611226675,-71.13223288505931,162120.46,512696.2,525428,1,0.05555555555555555
b9122fd7-6b7e-1fbc-6ea2-b12db2d413b6,1950-07-11,,999-52-4114,S99941748,X69128072X,Mrs.,Jacquelynn434,Sol312,Rau926,,Kub800,M,white,nonhispanic,F,Lawrence  Massachusetts  US,881 Borer Gardens,Wakefield,Massachusetts,Middlesex County,25009.0,1940,42.57861957129416,-71.0778362752406,935218.38,366938.02,119998,5,0.2777777777777778
5ed3bc2d-1f83-f3c5-de97-e2542d304e7e,1968-11-23,,999-98-8858,S99971020,X51097594X,Mr.,Silas208,,Hyatt152,,,S,white,nonhispanic,M,Medway  Massachusetts  US,429 Marvin Trace Unit 38,New Bedford,Massachusetts,Bristol County,25005.0,2744,41.64459933656431,-70.99014247876406,9148.23,191200.8,1362,12,0.6666666666666666
a020cc02-0a7e-86fb-7739-261045941931,1967-04-12,,999-48-5142,S99952149,X21282472X,Ms.,Suzie388,,Cassin499,,,S,white,hispanic,F,Cambridge  Massachusetts  US,492 Connelly Mission Unit 86,Boston,Massachusetts,Suffolk County,25025.0,2203,42.30912671134112,-71.12292266610353,907638.19,92685.59,116112,9,0.5
b58e4af4-e470-9fd6-09c2-4c74aa6a6da6,1966-10-04,,999-34-9562,S99962740,X21659412X,Mr.,German382,Reynaldo722,Stroman228,,,W,white,nonhispanic,M,Forestdale  Massachusetts  US,260 Mohr Way Apt 32,Somerville,Massachusetts,Middlesex County,25017.0,2140,42.39807082517185,-71.06551191853283,14365.02,689178.22,14181,5,0.2777777777777778
d72b9fd1-ddae-eb48-df1d-95a377e8cc4d,1956-11-09,,999-71-8648,S99925959,X09771481X,Mrs.,Micaela928,,Zulauf375,,Schinner682,M,white,nonhispanic,F,Worcester  Massachusetts  US,115 Crist Flat Apt 80,Southampton,Massachusetts,Hampshire County,,0,42.25872748237102,-72.72031660148943,964121.49,519633.42,38342,3,0.16666666666666666
775c5f28-aa4d-0142-ed7c-1a4a60e742fe,1946-04-21,2016-08-23,999-88-8187,S99959045,X08713030X,Mr.,Clyde817,,Swaniawski813,,,M,white,nonhispanic,M,Harwich  Massachusetts  US,118 Ruecker Gardens,New Bedford,Massachusetts,Bristol County,25005.0,2740,41.6798814103898,-70.94491194044949,46898.92,975044.3,4983,9,0.5
1f53a298-e180-ae34-206d-b2d30f2ff3dc,1958-08-12,,999-16-9580,S99920239,X16012228X,Mr.,Aaron697,Jasper743,Mayert710,,,W,white,nonhispanic,M,Wareham Center  Massachusetts  US,198 Bernhard Wall Unit 62,Holden,Massachusetts,Worcester County,,0,42.3792575712756,-71.84673325369548,166933.8,120969.29,66443,1,0.05555555555555555
0db9a56a-30ac-f9b9-f2a0-7539aefd9465,1924-03-31,,999-29-3093,S99932168,X95422924X,Mrs.,Missy373,Keesha623,Blanda868,,Schultz619,M,white,nonhispanic,F,Cohasset  Massachusetts  US,803 Runolfsdottir Approach,Springfield,Massachusetts,Hampden County,25013.0,1013,42.15850863865349,-72.5995993857816,35116.54,1572822.05,13919,8,0.4444444444444444
2bdd57d3-8f6e-92a4-64a6-db0df0a0a6b6,1969-10-20,2026-08-28,999-29-5249,S99936713,X71102949X,Mr.,Marcus77,Johnie961,Dietrich576,,,S,white,hispanic,M,Winchester  Massachusetts  US,271 Morar Hollow,Andover,Massachusetts,Essex County,25009.0,1810,42.69435462649595,-71.12246745984507,104751.97,884352.86,117901,6,0.3333333333333333
7518bc59-2c4c-61d2-8559-3784f7efe2af,1978-09-07,,999-66-8674,S99949647,X87686665X,Mr.,Timoteo39,Juan88,Figueroa648,,,S,white,hispanic,M,San Jose  San Jose  CR,343 Keeling Run,Fairhaven,Massachusetts,Bristol County,,0,41.61950623591424,-70.91132754129806,10554.8,723689.1,11942,14,0.7777777777777778
35ee062f-19c5-7489-d2cd-2d3c34fb7211,1969-10-20,,999-69-2667,S99944733,X02557677X,Mr.,Jimmie93,,Cummings51,,,D,white,hispanic,M,Barnstable  Massachusetts  US,1044 Rempel Annex,Andover,Massachusetts,Essex County,25009.0,1810,42.69178149637912,-71.20973867143417,131418.08,11981.42,117901,3,0.16666666666666666
9649ea70-8474-d7cb-92d2-d930a230b5ab,1968-08-03,,999-85-7139,S99962309,X59526217X,Mrs.,Shelli447,Valda518,Kuvalis369,,Schmidt332,M,white,nonhispanic,F,Littleton  Massachusetts  US,938 Carroll Flat,Lawrence,Massachusetts,Essex County,25009.0,1840,42.69284291382962,-71.20176273437659,16363.87,891522.65,14795,2,0.1111111111111111
45cd8df3-183a-6743-7cf0-dd2423d033f6,1946-04-21,2020-11-20,999-86-1832,S99922982,X56248119X,Mr.,Steve819,Lyman173,Kilback373,,,S,white,nonhispanic,M,Harwich Port  Massachusetts  US,258 Wilderman Crossing Suite 29,New Bedford,Massachusetts,Bristol County,25005.0,2743,41.73634736534687,-70.91542767831592,21001.99,454024.32,4983,6,0.3333333333333333
d481a7d3-214e-b638-005e-7010528a83d1,1972-07-27,,999-98-1830,S99989757,X47940803X,Mr.,Samuel331,Germán350,Velázquez409,,,W,white,hispanic,M,Panama City  Panama  PA,795 Nienow Flat,Chicopee,Massachusetts,Hampden County,25013.0,1022,42.127744435095536,-72.55717811549098,679642.46,278024.48,107141,1,0.05555555555555555
ac589c3c-8d8c-99c0-4bd3-c6145afcacef,1961-07-29,,999-13-6956,S99986794,X79128544X,Mrs.,Vicky438,Malika385,Champlin946,,Shields502,M,asian,hispanic,F,Sutton  Massachusetts  US,345 Marvin Row Apt 13,Carlisle,Massachusetts,Middlesex County,,0,42.52947297234832,-71.33816657828689,376946.23,919552.05,147669,2,0.1111111111111111
f31a2606-7486-c14b-083e-b1c826ea4853,1987-10-30,,999-15-4506,S99980307,X05741629X,Mr.,Frances376,Bret7,Oberbrunner298,,,M,white,nonhispanic,M,Swansea  Massachusetts  US,228 Stroman Station Apt 21,Bridgewater,Massachusetts,Plymouth County,25023.0,2324,41.97248594064144,-70.99166389999517,10364.31,114659.5,12822,2,0.1111111111111111
08ab838d-b6e8-9baa-1c4c-8fbea7322478,1972-10-13,,999-59-2986,S99933359,X68455483X,Mrs.,Elvera717,Deirdre267,Schmitt836,,Kovacek682,D,white,nonhispanic,F,Groveland  Massachusetts  US,158 Satterfield Dam Unit 18,Quincy,Massachusetts,Norfolk County,25021.0,2186,42.25712235967906,-71.08068986703135,624008.13,626430.01,73922,3,0.16666666666666666
58aaf99a-dfce-d95a-1169-82bd6f0070d5,1966-07-23,,999-17-6179,S99975108,X09112295X,Mrs.,Trula820,Tamesha39,Gulgowski816,MD,Jacobson885,M,white,nonhispanic,F,Littleton  Massachusetts  US,875 Lemke Passage Unit 85,Monson,Massachusetts,Hampden County,,0,42.09381628660992,-72.35513362942301,20706.19,1155608.92,18523,7,0.3888888888888889
79ebee70-4b1b-d8bb-c549-de731766b013,1960-08-31,,999-83-9703,S99961724,X75723290X,Mr.,Michael441,,Aufderhar910,,,S,white,nonhispanic,M,Boston  Massachusetts  US,532 Gaylord Rapid Apt 19,Carlisle,Massachusetts,Middlesex County,,0,42.54317187697392,-71.39525320230419,117966.24,135740.69,196854,2,0.1111111111111111
91aa8612-61c3-65df-d627-1583a45d7beb,1981-08-19,,999-57-6613,S99958844,X55519852X,Mrs.,Tuyet839,Hiroko446,Marquardt819,,Crona259,M,white,nonhispanic,F,Plainville  Massachusetts  US,680 Bartoletti Bypass,Gloucester,Massachusetts,Essex County,25009.0,1930,42.647784419586266,-70.67110165841255,14474.02,946995.76,14736,2,0.1111111111111111
1f94fa84-26ba-6e83-3b75-24a5516065c4,1983-07-20,,999-60-8584,S99955871,X49634718X,Mrs.,Georgiann138,Vanetta255,Jenkins714,,Friesen796,M,white,nonhispanic,F,Somerville  Massachusetts  US,408 Rau Crossing Suite 46,Cochituate,Massachusetts,Middlesex County,,0,42.318473524633234,-71.37726983453629,238557.66,778994.36,127206,3,0.16666666666666666
f1e57c8e-35d8-25fd-c634-fc3794c4b561,1961-04-16,,999-77-6433,S99992030,X33232452X,Mr.,Porfirio146,,Erdman779,,,M,white,nonhispanic,M,Rehoboth  Massachusetts  US,851 Schulist Forge,Nantucket,Massachusetts,Nantucket County,25019.0,2554,41.2894740310303,-70.14485910274671,274419.95,81840.82,192498,8,0.4444444444444444
84a3a138-230a-e5b2-e73b-ca980e05a6d6,1977-09-29,,999-94-9854,S99973292,X59071348X,Mrs.,Shin962,Dana512,Klein929,,Fadel536,M,white,nonhispanic,F,New Bedford  Massachusetts  US,164 Funk Branch,Boston,Massachusetts,Suffolk County,25025.0,2109,42.30820199229859,-71.06132394728544,330739.02,302924.22,47672,6,0.3333333333333333
8046c633-d097-1424-b42a-44f5be85fc6f,1992-08-20,,999-18-4404,S99986991,X93273904X,Mr.,Ismael683,Alex454,Larson43,,,M,asian,nonhispanic,M,Shirley  Massachusetts  US,184 Turcotte Mall,Woburn,Massachusetts,Middlesex County,25017.0,1801,42.47174805582768,-71.1405623764122,84713.7,0.0,95429,1,0.05555555555555555
1f938722-7399-6df5-5519-94308137080e,1970-08-23,,999-40-5470,S99965319,X47666442X,Mrs.,Tracey100,Raymond398,Gutmann970,,Schowalter414,M,white,hispanic,F,Smith Mills  Massachusetts  US,681 Rowe Center,Newton,Massachusetts,Middlesex County,25017.0,2458,42.37442172833507,-71.20435334372381,314038.04,590603.68,606327,3,0.16666666666666666
a388abf1-f1b4-c9a2-03ed-a7fc23e7fde4,1987-08-11,,999-28-3416,S99924357,X20100464X,Mr.,Ike571,,Kautzer186,,,S,white,nonhispanic,M,Boston  Massachusetts  US,169 Greenfelder Gateway Suite 94,Chicopee,Massachusetts,Hampden County,25013.0,1022,42.18600888344743,-72.55566639317607,114825.78,56330.97,47393,2,0.1111111111111111
d1e5a33f-8cef-98f4-3698-90fd404d3ce2,1972-10-20,,999-76-4102,S99935594,X37604388X,Mrs.,Maudie129,Magda24,Wisoky380,,Carter549,M,white,nonhispanic,F,West Concord  Massachusetts  US,423 Kozey Vista Unit 20,Chester,Massachusetts,Hampden County,25003.0,1011,42.3160584499071,-72.98621813339713,239981.7,1218849.99,83000,3,0.16666666666666666
4daa58d0-78fb-38e7-0f66-aa2d10a69774,1972-12-06,,999-93-8038,S99975017,X93329862X,Mr.,Mary779,,Price929,,,S,asian,hispanic,M,Brockton  Massachusetts  US,788 Pfannerstill Heights Apt 46,Boston,Massachusetts,Suffolk County,25025.0,2108,42.3379336765234,-71.0768618954567,11528.92,188098.92,1224,1,0.05555555555555555
390731af-7891-7c40-8691-6d3d3b5f0709,1993-06-30,,999-44-1447,S99991529,X66759055X,Mr.,Samuel331,Alejandro916,Salcedo309,,,M,white,hispanic,M,Lima  Lima Province  PE,853 Welch Port,Worcester,Massachusetts,Worcester County,25027.0,1603,42.25897301775863,-71.78514490373719,56373.6,682850.06,40106,1,0.05555555555555555
16d926c5-e19b-86a0-ae4f-8acb7462b33a,1972-07-18,,999-32-3469,S99980007,X60312722X,Mr.,Boyd728,Jeramy610,Kihn564,,,M,white,nonhispanic,M,Springfield  Massachusetts  US,379 Mraz Walk Apt 96,Winchendon,Massachusetts,Worcester County,25027.0,1475,42.644296868763945,-72.01487186637779,108659.87,9837.42,128249,2,0.1111111111111111
f334af5a-7ba3-7a09-5d15-af35c0fef310,1980-05-05,,999-31-7333,S99966386,X95139563X,Mrs.,Lourdes258,,Rosario163,,Tamez493,M,white,hispanic,F,Tegucigalpa  Francisco Morazán  HN,808 Stamm Port Apt 47,Middleborough Center,Massachusetts,Plymouth County,,0,41.92930241604441,-70.90852957802436,307676.07,581898.1,937015,1,0.05555555555555555
df00d7bd-cec7-dd99-fdac-a70b0770403f,1959-04-18,,999-10-1114,S99940203,X80559737X,Mr.,Sammy219,Charles364,Fisher429,,,S,white,nonhispanic,M,Southborough  Massachusetts  US,897 Stokes Track Apt 94,Quincy,Massachusetts,Norfolk County,25021.0,2170,42.25358531292475,-70.9740026220248,260711.6,97801.57,68886,5,0.2777777777777778
0fd9356b-bc05-b4e7-565e-bb71327e49cb,2004-01-12,,999-24-4969,S99937739,X80503023X,Ms.,Yolanda648,Leticia253,Luevano912,,,,white,hispanic,F,Roseau  Saint George  DM,172 Cormier Heights Unit 76,Wenham,Massachusetts,Essex County,,0,42.55668445332703,-70.84545837898077,399860.12,297926.39,117950,1,0.05555555555555555
3cbb3c47-3969-8724-dc3c-68f1f5ab796d,1958-06-26,,999-66-1149,S99974342,X78112141X,Mr.,Gil594,Jonas187,Collins926,,,D,white,nonhispanic,M,Holbrook  Massachusetts  US,433 Eichmann Dale Unit 88,Newton,Massachusetts,Middlesex County,25017.0,2464,42.342945407942175,-71.18639599848298,164440.05,20603.34,72145,6,0.3333333333333333
f3e0ff34-8627-9025-c099-69bbcfa878ae,1960-09-26,,999-48-6103,S99972372,X53437315X,Mrs.,Becky854,,Ratke343,,Hand679,M,white,nonhispanic,F,Huntington  Massachusetts  US,897 Farrell Flat,Barnstable,Massachusetts,Barnstable County,25001.0,2673,41.706584885714406,-70.30980243151237,384932.77,705731.49,180282,3,0.16666666666666666
2617319f-5b6b-9100-7873-e2a3230f21b1,1974-02-05,,999-30-5944,S99928455,X03767682X,Mrs.,Ángela136,,Montez99,,Rosales49,M,black,nonhispanic,F,Santiago de los Caballeros  Santiago  DO,356 Schinner Trafficway Apt 28,Lowell,Massachusetts,Middlesex County,25017.0,1851,42.60093608167396,-71.34344640543887,18159.51,1263467.8,5192,4,0.2222222222222222
4e20ae0c-75d6-f593-01a6-eb4125a46fcf,1970-09-22,,999-68-8141,S99961620,X05757165X,Mr.,Dallas143,Alec433,Williamson769,,,S,white,nonhispanic,M,Weymouth  Massachusetts  US,1006 Bruen Corner,Wakefield,Massachusetts,Middlesex County,25009.0,1940,42.48932090848206,-71.0577968187196,144205.89,41437.87,31537,3,0.16666666666666666
597faae9-0e18-060a-7d12-96d80a561d9d,2001-09-08,,999-65-8155,S99934207,X64386289X,Ms.,Debbra216,Sharika71,Champlin946,,,,black,nonhispanic,F,Fall River  Massachusetts  US,760 Hyatt Lane,Boston,Massachusetts,Suffolk County,25025.0,2136,42.34568607316399,-71.13010609986317,64602.77,2715.88,228920,1,0.05555555555555555
e0bc1d44-353a-7b85-481a-b81668e95903,1976-02-08,,999-34-4805,S99967783,X77220596X,Mrs.,Farrah946,Dena356,Abernathy524,,Cormier289,M,white,nonhispanic,F,Georgetown  Massachusetts  US,800 Wehner Manor Unit 86,Grafton,Massachusetts,Worcester County,,0,42.19928782200959,-71.7315484532822,527541.18,571923.03,89754,5,0.2777777777777778
64615423-97e0-c275-87d2-d32404aa87c9,1983-06-12,,999-24-6090,S99967876,X72998392X,Mr.,Reuben327,Earle679,Nienow652,,,M,asian,nonhispanic,M,Hong Kong  Hong Kong Special Administrative Region  CN,243 Thompson Well Unit 97,New Bedford,Massachusetts,Bristol County,25005.0,2745,41.63209006981942,-70.97495540477554,165098.09,45473.55,125390,3,0.16666666666666666
0770b8c3-9f5d-185d-fbe1-12242becd5fb,1996-07-17,,999-64-3182,S99994516,X71746220X,Mr.,Mason910,Royce974,Gislason620,,,S,white,nonhispanic,M,Pinehurst  Massachusetts  US,205 Stark Drive,Plymouth,Massachusetts,Plymouth County,25023.0,2360,41.8702173565228,-70.59141654011825,83910.42,33988.68,46171,3,0.16666666666666666
2d2b414f-cd7d-74a9-f46d-04ab37468adf,1997-11-19,,999-37-6771,S99973694,X11244369X,Mr.,Heriberto162,,Krajcik437,,,M,white,hispanic,M,Danvers  Massachusetts  US,195 Bashirian Trace Suite 93,Chelmsford,Massachusetts,Middlesex County,,0,42.61776255425797,-71.36251210989323,70127.79,27719.74,173459,2,0.1111111111111111
a7b95499-ea21-4f13-feb0-b2e312756286,1980-04-03,,999-38-7776,S99937157,X88367616X,Mrs.,Louise871,Consuelo468,Carter549,,Carroll471,M,white,nonhispanic,F,Amesbury  Massachusetts  US,1046 Ortiz Way,Haverhill,Massachusetts,Essex County,25009.0,1830,42.8345584623406,-71.15782019966096,228767.88,11169.02,80185,5,0.2777777777777778
5fb6fcc0-38c1-f12a-76fb-adf356eddaf5,1977-09-19,,999-62-6027,S99996177,X60235203X,Mr.,Lavern240,,Johnston597,,,S,white,nonhispanic,M,Easton  Massachusetts  US,300 Prosacco Throughway Unit 23,Tyngsborough,Massachusetts,Middlesex County,,0,42.65467974125122,-71.44650168228439,98081.58,15180.89,452626,2,0.1111111111111111
de3d334d-3da6-e228-4b69-a06b1e9b359d,1927-05-21,,999-93-9329,S99961713,X97729508X,Mr.,Lazaro919,,Greenfelder433,,,S,white,nonhispanic,M,Boston  Massachusetts  US,465 Hegmann Burg Unit 9,Salisbury,Massachusetts,Essex County,25009.0,1952,42.86667808452773,-70.83863579334424,24810.1,518966.95,2678,2,0.1111111111111111
72e571ed-d38a-dae7-9d8f-23e6d6d099d4,1973-01-28,,999-38-7641,S99956623,X22076760X,Mr.,Maximo817,,Schneider199,,,S,white,nonhispanic,M,Brockton  Massachusetts  US,717 West Stravenue Unit 82,Tyngsborough,Massachusetts,Middlesex County,,0,42.645254843279446,-71.467778281233,59278.49,58792.3,199529,3,0.16666666666666666
6b282ab1-f094-9d50-2b0e-d11bfa8aa06b,1939-05-24,,999-81-9425,S99984053,X75634665X,Mrs.,Bettie175,,Graham902,,Howe413,W,white,nonhispanic,F,Gloucester  Massachusetts  US,863 Dibbert Knoll,Quincy,Massachusetts,Norfolk County,25021.0,2169,42.272215048082096,-71.06341943394615,116760.15,931778.34,399679,13,0.7222222222222222
8b210326-2ddd-f621-c181-9176ece52424,1968-07-15,,999-96-5118,S99934125,X93841498X,Mrs.,Krystle484,,Stehr398,,Gutmann970,D,white,nonhispanic,F,Rehoboth  Massachusetts  US,817 Greenholt Branch Apt 35,Malden,Massachusetts,Middlesex County,25017.0,2155,42.4623574396423,-71.09213502800549,248256.3,1013722.93,511748,2,0.1111111111111111
7743e5c1-50ab-8e80-240d-5327570796a6,2006-07-26,,999-14-3443,S99941383,X08750569X,Mr.,Tomás404,Ernesto186,Gastélum330,,,,white,hispanic,M,San Jose  San Jose  CR,605 Roob Branch Apt 46,Beverly,Massachusetts,Essex County,25009.0,1915,42.5345467657836,-70.80863037541734,5192.84,106869.89,20423,1,0.05555555555555555
03c64742-9223-0d46-82ff-b9c631ff0629,1982-06-15,,999-54-5133,S99918244,X99328065X,Ms.,Monica757,Zandra428,Schuppe920,,,S,white,nonhispanic,F,Chelmsford  Massachusetts  US,899 Corwin Bridge Apt 41,Georgetown,Massachusetts,Essex County,,0,42.71201711302159,-70.95418866330093,657087.71,783489.97,55475,3,0.16666666666666666
15e76115-dd1c-754a-7864-eaab63a87b06,1972-08-09,,999-42-6104,S99977844,X61038924X,Mrs.,Maranda920,Sarita454,Adams676,,Windler79,M,white,nonhispanic,F,Ashland  Massachusetts  US,1039 Murphy Gate Suite 66,Lowell,Massachusetts,Middlesex County,25017.0,1852,42.6564268065769,-71.35402676586352,680905.9,321397.16,41494,3,0.16666666666666666
7669e4d6-7c32-ceb3-6984-2de16477b82d,1978-08-15,,999-34-1780,S99955960,X65320084X,Mr.,Lucio648,Lazaro919,Berge125,,,D,white,nonhispanic,M,Dedham  Massachusetts  US,573 Orn Way,Rehoboth,Massachusetts,Bristol County,,0,41.88251488972666,-71.25061687124357,121833.43,141432.58,40912,8,0.4444444444444444
d04e2aa2-f18e-3ad4-0af0-5b7464f4af9d,1970-02-08,,999-67-7262,S99963663,X52961595X,Mrs.,Genevive999,Ella812,Bradtke547,,Ullrich385,M,white,nonhispanic,F,Methuen  Massachusetts  US,246 Windler Track,West Concord,Massachusetts,Middlesex County,,0,42.430193771291165,-71.36020228944814,459446.75,65841.96,60157,1,0.05555555555555555
326a8c3c-fa7a-fa9f-74b2-011d361cc712,1993-10-31,,999-26-6526,S99918761,X39902914X,Mrs.,Corliss645,Birdie301,Johnston597,,Franecki195,M,white,nonhispanic,F,Fall River  Massachusetts  US,1027 Bergstrom Crossroad,Shrewsbury,Massachusetts,Worcester County,,0,42.32076354015408,-71.73651924291359,176560.04,432897.56,81624,2,0.1111111111111111
76f06230-cc1d-99a2-64e3-4dc2d2499f3c,1964-06-10,,999-91-1867,S99988983,X42380684X,Mr.,Alphonse92,,Graham902,,,M,white,nonhispanic,M,Chicopee  Massachusetts  US,527 Langworth Pathway,Worcester,Massachusetts,Worcester County,25027.0,1609,42.31797935657864,-71.76095650028329,167328.69,14689.43,339109,1,0.05555555555555555
aa5b7e1b-7f6d-6de7-fe25-381208da6b3e,1947-05-06,1995-09-27,999-29-3872,S99912916,X03268841X,Mrs.,Delana41,Roberto515,Grant908,,Braun514,M,white,nonhispanic,F,South Hadley  Massachusetts  US,434 Reilly Green,Harwich,Massachusetts,Barnstable County,,0,41.69436998633481,-70.0708471370701,504427.99,817510.69,37864,2,0.1111111111111111
1144ac3b-ced3-e90a-b5ba-c2d404d1c900,1981-04-19,,999-53-6924,S99932645,X86956566X,Mrs.,Demetra94,An125,McGlynn426,,Stehr398,M,black,nonhispanic,F,Boston  Massachusetts  US,935 Buckridge Tunnel,West Yarmouth,Massachusetts,Barnstable County,25001.0,2673,41.69266588058413,-70.29116945166462,12460.38,631290.02,16296,2,0.1111111111111111
7303f02d-2f6c-24d5-0f73-578cafc139fd,1978-01-14,,999-64-3108,S99974673,X92692002X,Mrs.,Jay242,Cathern761,West559,,Ryan260,M,white,hispanic,F,Beverly  Massachusetts  US,703 Erdman Byway,Hull,Massachusetts,Plymouth County,25023.0,2045,42.35061714753893,-70.93287646617603,317987.48,259031.65,80791,4,0.2222222222222222
c57a1cdd-263f-7d88-251f-8d5fb9734b25,1947-05-06,2013-07-18,999-48-1144,S99915779,X77910423X,Mrs.,Chang901,,Smith67,,Torphy630,D,white,nonhispanic,F,Boston  Massachusetts  US,1038 Swaniawski Esplanade Unit 82,Harwich,Massachusetts,Barnstable County,,0,41.68698568314486,-70.03131684903109,995363.02,365823.75,37864,4,0.2222222222222222
4891a69a-292b-8721-605c-920639f5deba,1955-10-25,2011-08-10,999-89-2712,S99984532,X45875230X,Mr.,Hal307,Gaylord332,Schroeder447,,,M,black,nonhispanic,M,Malden  Massachusetts  US,765 Volkman Dale Unit 47,Worcester,Massachusetts,Worcester County,25027.0,1608,42.21437400086073,-71.80908234849407,127630.39,153831.37,98695,5,0.2777777777777778
b3930e6c-d4c4-85c2-f2eb-c03bd37362e4,1976-07-24,,999-30-1004,S99992948,X31202383X,Ms.,Glenda787,Hiedi833,Paucek755,,,S,asian,nonhispanic,F,Swansea  Massachusetts  US,690 Kub Ranch Apt 41,Lowell,Massachusetts,Middlesex County,25017.0,1850,42.67746805164564,-71.30508570965871,918218.43,528036.58,53207,1,0.05555555555555555
0dfbb382-cfef-8eea-249b-cff4485cf5ff,1921-05-20,,999-46-8233,S99920500,X04454920X,Ms.,Hiroko446,Evelynn217,Dickens475,,,S,white,nonhispanic,F,Ashland  Massachusetts  US,200 Schoen Frontage road,Falmouth,Massachusetts,Barnstable County,25001.0,2540,41.59545520747838,-70.5942812161786,235309.69,316813.1,32887,2,0.1111111111111111
e2e1b403-9c76-e4b6-ca62-7ab1c2e3f397,1947-05-06,,999-14-2024,S99996741,X64450710X,Ms.,Cassaundra447,Marilynn608,Marvin195,,,S,white,nonhispanic,F,Fall River  Massachusetts  US,419 Kozey Underpass Suite 11,Harwich,Massachusetts,Barnstable County,,0,41.71786949189023,-70.0310724128193,730741.9,324513.32,37864,2,0.1111111111111111
e9eee622-493b-207b-b744-1c9c53b30ff1,1955-10-25,,999-27-2707,S99948372,X28328782X,Mr.,Mitchell808,Werner409,Feest103,,,S,black,nonhispanic,M,Cambridge  Massachusetts  US,383 Bradtke Estate Suite 1,Worcester,Massachusetts,Worcester County,25027.0,1608,42.31097287930285,-71.75455797738061,169562.03,311701.42,98695,5,0.2777777777777778
e9eb3db8-a371-21d2-90ad-3d1af9be4129,1983-03-17,,999-56-7701,S99953049,X57190793X,Mr.,Carlo647,,Fadel536,,,M,black,nonhispanic,M,Braintree  Massachusetts  US,273 Halvorson Haven,Manchester-by-the-Sea,Massachusetts,Essex County,,0,42.59280304068324,-70.76263373279065,72777.47,3886.91,160844,3,0.16666666666666666
3cf1767f-5c9b-63c9-4336-61de2f94bb38,1976-08-26,,999-80-9720,S99991370,X29550879X,Mrs.,Rachelle804,,Lang846,,Christiansen251,M,white,nonhispanic,F,Framingham  Massachusetts  US,280 Satterfield Track,West Newbury,Massachusetts,Essex County,,0,42.78852648469371,-70.99193335457645,299132.59,613598.79,160443,3,0.16666666666666666
c4efad2e-5756-ba8a-ae17-aab56ae72c92,1981-03-08,2011-06-18,999-19-5951,S99998876,X81050300X,Mr.,Kelly223,Elvin140,Cormier289,,,M,white,nonhispanic,M,Ludlow  Massachusetts  US,915 Powlowski Overpass,East Longmeadow,Massachusetts,Hampden County,,0,42.047655803053935,-72.47018201503197,55312.77,64866.46,27014,1,0.05555555555555555
8b0d12d3-f400-e6bc-4cd9-8b285ed76770,1973-05-29,,999-43-8868,S99989859,X26759753X,Mrs.,Shizuko29,Angelita915,Mraz590,,Weissnat378,M,white,nonhispanic,F,Dedham  Massachusetts  US,158 Sauer Vale Unit 31,Plymouth,Massachusetts,Plymouth County,25023.0,2360,41.83771756693235,-70.59868507232166,541477.7,335331.32,37697,2,0.1111111111111111
fc5f3371-48b2-3dba-5125-e401032883b1,1957-09-23,,999-28-4715,S99956194,X49994091X,Ms.,Tiny880,Pattie91,Hills818,,,S,white,nonhispanic,F,Northbridge  Massachusetts  US,274 Sawayn Station Apt 55,Cambridge,Massachusetts,Middlesex County,25017.0,2139,42.38199585388676,-71.03857577643858,366456.03,1440849.6,24680,5,0.2777777777777778
1d3154b9-e5ba-c5c0-9e3c-a77b721e8834,1975-03-06,,999-53-2800,S99959448,X13685111X,Mr.,Morris740,Bud153,Ryan260,,,S,white,nonhispanic,M,Lowell  Massachusetts  US,1026 Marks Parade Unit 18,Somerset,Massachusetts,Bristol County,25005.0,2726,41.71525409738742,-71.16751704352961,122076.73,34005.9,36041,3,0.16666666666666666
b3d6b2cd-c399-5c20-8e31-cd77e37a6da2,1972-12-02,,999-29-2385,S99958494,X46805573X,Mrs.,Lilia791,Corinne382,Ernser583,,Fadel536,M,white,nonhispanic,F,Hopkinton  Massachusetts  US,1078 Prohaska Club Suite 76,New Bedford,Massachusetts,Bristol County,25005.0,2743,41.67922898355837,-70.92511378144874,314945.21,1050799.78,149588,3,0.16666666666666666
c317920f-fbc0-006b-ac0d-6512bcc0c3af,1953-10-19,2005-12-06,999-99-1925,S99930282,X12560728X,Mrs.,Bethanie176,Alyce744,Terry864,,Gusikowski974,M,white,nonhispanic,F,Acushnet  Massachusetts  US,437 Feeney Passage Apt 64,Boston,Massachusetts,Suffolk County,25025.0,2131,42.33430628494169,-71.09969634081082,175918.29,2747315.8,25998,4,0.2222222222222222
e6404ed8-fa89-e2ce-05c3-363a682640a5,1992-01-04,,999-38-3799,S99993763,X79926187X,Mrs.,Ivory697,Lera808,Bahringer146,,Macejkovic424,M,white,nonhispanic,F,Amherst Center  Massachusetts  US,984 Bogan Port,Andover,Massachusetts,Essex County,25009.0,1810,42.61168802067967,-71.15237876977109,109101.75,151837.16,84765,3,0.16666666666666666
dd53ab84-3d9b-9e23-9275-5cb903788690,1982-09-19,,999-96-9277,S99940469,X47428046X,Mrs.,Sofia418,María Elena653,Sierra982,,Carrasquillo418,M,black,hispanic,F,Portsmouth  Saint John Parish  DM,1019 Kuhn Alley Unit 97,Walpole,Massachusetts,Norfolk County,25021.0,2081,42.16274683335478,-71.26870004397294,266564.83,413540.12,129376,4,0.2222222222222222
1951e8c0-7bfa-5426-c646-c6490571fc7f,1927-02-19,2006-08-17,999-93-9524,S99987539,X02408589X,Mr.,Denny560,,Flatley871,,,D,white,nonhispanic,M,Millis  Massachusetts  US,859 Hettinger Pathway,Wareham Center,Massachusetts,Plymouth County,,0,41.75884530090916,-70.72443923504535,617253.14,3345217.07,41581,5,0.2777777777777778
43fa3740-907b-8461-2b95-0faaf2cea726,2000-09-14,,999-65-3611,S99946989,X68720285X,Mr.,Johnson679,Gerry91,Dickens475,,,,white,nonhispanic,M,Pepperell  Massachusetts  US,646 Stamm Ferry,Norwood,Massachusetts,Norfolk County,25021.0,2062,42.22555080345517,-71.23076041250349,56633.56,9295.6,28431,1,0.05555555555555555
3d5ff177-27ce-5791-1c29-743f9e537943,1953-10-19,2001-01-02,999-76-8116,S99931772,X61247501X,Mrs.,Shari363,Debera99,Goyette777,,Hettinger594,M,white,nonhispanic,F,Quincy  Massachusetts  US,756 Stark Course Apt 10,Boston,Massachusetts,Suffolk County,25025.0,2135,42.321842701722346,-71.09672183231609,140070.12,685431.46,25998,3,0.16666666666666666
2a8ed1e6-7cd3-ecd2-4d09-487870bcf277,1996-04-23,,999-76-9309,S99950477,X11200518X,Mrs.,Lorena247,Rebeca548,Santillán790,,Zelaya592,M,white,hispanic,F,Bogota  Bogota  CO,160 Kohler Terrace,Stoneham,Massachusetts,Middlesex County,25017.0,2180,42.49694790361334,-71.08175082314766,7997.54,459871.96,20305,1,0.05555555555555555
8d39b6c8-2152-18c5-e655-d91181e5211a,1993-12-30,,999-60-8650,S99935725,X54874730X,Ms.,Quinn173,Almeta56,Little434,,,S,white,nonhispanic,F,Brockton  Massachusetts  US,1007 Heidenreich Underpass,Newburyport,Massachusetts,Essex County,25009.0,1950,42.84843966631612,-70.8672007386853,52482.71,599101.27,67115,3,0.16666666666666666
e796f96b-6024-7975-7a67-19db77551ccc,2000-10-25,,999-13-6133,S99932457,X46007404X,Ms.,Elisabeth967,Ena816,Schmidt332,,,,white,nonhispanic,F,Lynn  Massachusetts  US,875 Pagac Route,Taunton,Massachusetts,Bristol County,25005.0,2718,41.92636550915652,-71.10563073645436,8034.62,572740.07,19486,2,0.1111111111111111
caf74e10-4727-d17a-b07a-2b8f3d6c2b93,1953-10-19,,999-61-4038,S99939676,X70135719X,Mrs.,Dominga527,Lynna524,Fadel536,,Sporer811,M,white,nonhispanic,F,Wellfleet  Massachusetts  US,209 Labadie Hollow,Boston,Massachusetts,Suffolk County,25025.0,2136,42.355299335055385,-71.072600386056,198492.88,1039975.16,25998,8,0.4444444444444444
a9864a02-08a8-035c-3f54-f54dc2786202,1927-02-19,,999-56-9792,S99914826,X86852747X,Mr.,Wm806,Morton637,Crooks415,,,M,white,nonhispanic,M,Ludlow  Massachusetts  US,880 McCullough Rapid Unit 70,Wareham Center,Massachusetts,Plymouth County,,0,41.73420164549277,-70.77092269660031,357822.64,398266.81,41581,3,0.16666666666666666
f1a95227-1704-37c6-0884-b15261849f35,1958-06-01,,999-43-5180,S99914148,X45171561X,Mr.,José3,Pedro316,Palacios784,,,S,white,hispanic,M,Salisbury  Saint Joseph Parish  DM,103 Heaney Avenue Apt 97,Acton,Massachusetts,Middlesex County,,0,42.527469104856245,-71.42995138576637,265471.87,55016.91,53937,5,0.2777777777777778
13424246-8ca5-792f-3bc7-de00cfb761cf,1944-04-21,1993-10-25,999-45-5531,S99954558,X50869230X,Mr.,Dominic463,Keneth579,O'Reilly797,,,M,white,nonhispanic,M,Boston  Massachusetts  US,887 Skiles Branch,Natick,Massachusetts,Middlesex County,,0,42.24796105068202,-71.33181113603966,151292.59,232219.61,28529,6,0.3333333333333333
52deb21c-d56e-33db-0572-6d7e693b9b61,1951-09-08,2022-08-18,999-59-8853,S99979233,X62664106X,Mr.,Leland44,Alfred550,Farrell962,,,M,white,nonhispanic,M,Boston  Massachusetts  US,510 Stiedemann Underpass,Billerica,Massachusetts,Middlesex County,,0,42.575503719998,-71.23698646178077,317585.67,260819.16,58326,8,0.4444444444444444
006efec5-b1a2-93ae-2888-d23c42d5023d,1944-04-21,,999-12-4308,S99997568,X54685042X,Mr.,Emanuel231,Dwain139,Torp761,,,W,white,nonhispanic,M,Attleboro  Massachusetts  US,963 Hickle Promenade Unit 89,Natick,Massachusetts,Middlesex County,,0,42.29000740490222,-71.32001907740312,213744.24,398866.17,28529,3,0.16666666666666666
68883330-2a8d-4fc0-6ff8-51f29599a048,1951-09-08,2022-01-30,999-80-1029,S99995553,X75039937X,Mr.,Brock407,,Greenholt190,,,M,white,nonhispanic,M,Weston  Massachusetts  US,724 Trantow Knoll,Billerica,Massachusetts,Middlesex County,,0,42.54825853828772,-71.2443728800391,143431.0,167569.24,58326,3,0.16666666666666666
1e2bb0e8-3026-cdb0-ed92-2dd6c9dc7290,1951-09-08,,999-30-5796,S99963253,X03805676X,Mr.,Prince887,Bernardo699,Gutmann970,,,S,white,nonhispanic,M,North Plymouth  Massachusetts  US,771 Williamson Neck,Billerica,Massachusetts,Middlesex County,,0,42.57273383649157,-71.29080782345031,242496.75,61296.55,58326,3,0.16666666666666666
